-- phpMyAdmin SQL Dump
-- version 5.2.3
-- https://www.phpmyadmin.net/
--
-- Host: localhost:3306
-- Generation Time: Apr 23, 2026 at 11:21 AM
-- Server version: 8.0.30
-- PHP Version: 8.4.20

SET SQL_MODE = "NO_AUTO_VALUE_ON_ZERO";
START TRANSACTION;
SET time_zone = "+00:00";


/*!40101 SET @OLD_CHARACTER_SET_CLIENT=@@CHARACTER_SET_CLIENT */;
/*!40101 SET @OLD_CHARACTER_SET_RESULTS=@@CHARACTER_SET_RESULTS */;
/*!40101 SET @OLD_COLLATION_CONNECTION=@@COLLATION_CONNECTION */;
/*!40101 SET NAMES utf8mb4 */;

--
-- Database: `asessmen_pra_pkl`
--

-- --------------------------------------------------------

--
-- Table structure for table `admins`
--

CREATE TABLE `admins` (
  `id` bigint UNSIGNED NOT NULL,
  `username` varchar(50) COLLATE utf8mb4_unicode_ci NOT NULL,
  `password` varchar(255) COLLATE utf8mb4_unicode_ci NOT NULL,
  `full_name` varchar(100) COLLATE utf8mb4_unicode_ci NOT NULL,
  `created_at` timestamp NULL DEFAULT NULL,
  `updated_at` timestamp NULL DEFAULT NULL
) ENGINE=InnoDB DEFAULT CHARSET=utf8mb4 COLLATE=utf8mb4_unicode_ci;

--
-- Dumping data for table `admins`
--

INSERT INTO `admins` (`id`, `username`, `password`, `full_name`, `created_at`, `updated_at`) VALUES
(1, 'admin', '$2y$12$a0qhE2n6U.QfpJd5kbXvXO4/K5ZdOUajKFtTcSH7DEOpDLCWKNBJS', 'Administrator', '2026-04-11 09:22:14', '2026-04-11 09:22:14');

-- --------------------------------------------------------

--
-- Table structure for table `assessment_answers`
--

CREATE TABLE `assessment_answers` (
  `id` bigint UNSIGNED NOT NULL,
  `submission_id` bigint UNSIGNED NOT NULL,
  `question_id` bigint UNSIGNED NOT NULL,
  `question_option_id` bigint UNSIGNED DEFAULT NULL,
  `answer` varchar(10) COLLATE utf8mb4_unicode_ci NOT NULL,
  `score_value` decimal(8,2) NOT NULL DEFAULT '0.00',
  `max_score_value` decimal(8,2) NOT NULL DEFAULT '1.00'
) ENGINE=InnoDB DEFAULT CHARSET=utf8mb4 COLLATE=utf8mb4_unicode_ci;

--
-- Dumping data for table `assessment_answers`
--

INSERT INTO `assessment_answers` (`id`, `submission_id`, `question_id`, `question_option_id`, `answer`, `score_value`, `max_score_value`) VALUES
(1, 1, 1, 1, 'Ya', 1.00, 1.00),
(2, 1, 11, 21, 'Ya', 1.00, 1.00),
(3, 1, 21, 41, 'Ya', 1.00, 1.00),
(4, 1, 2, 4, 'Tidak', 0.00, 1.00),
(5, 1, 12, 23, 'Ya', 1.00, 1.00),
(6, 1, 22, 43, 'Ya', 1.00, 1.00),
(7, 1, 3, 5, 'Ya', 1.00, 1.00),
(8, 1, 13, 26, 'Tidak', 0.00, 1.00),
(9, 1, 23, 45, 'Ya', 1.00, 1.00),
(10, 1, 4, 8, 'Tidak', 0.00, 1.00),
(11, 1, 14, 27, 'Ya', 1.00, 1.00),
(12, 1, 24, 47, 'Ya', 1.00, 1.00),
(13, 1, 5, 10, 'Tidak', 0.00, 1.00),
(14, 1, 15, 30, 'Tidak', 0.00, 1.00),
(15, 1, 25, 49, 'Ya', 1.00, 1.00),
(16, 1, 6, 12, 'Tidak', 0.00, 1.00),
(17, 1, 16, 32, 'Tidak', 0.00, 1.00),
(18, 1, 26, 52, 'Tidak', 0.00, 1.00),
(19, 1, 7, 14, 'Tidak', 0.00, 1.00),
(20, 1, 17, 34, 'Tidak', 0.00, 1.00),
(21, 1, 27, 54, 'Tidak', 0.00, 1.00),
(22, 1, 8, 16, 'Tidak', 0.00, 1.00),
(23, 1, 18, 35, 'Ya', 1.00, 1.00),
(24, 1, 28, 56, 'Tidak', 0.00, 1.00),
(25, 1, 9, 18, 'Tidak', 0.00, 1.00),
(26, 1, 19, 37, 'Ya', 1.00, 1.00),
(27, 1, 29, 57, 'Ya', 1.00, 1.00),
(28, 1, 10, 20, 'Tidak', 0.00, 1.00),
(29, 1, 20, 39, 'Ya', 1.00, 1.00),
(30, 1, 30, 59, 'Ya', 1.00, 1.00),
(31, 2, 1, 1, 'Ya', 1.00, 1.00),
(32, 2, 11, 21, 'Ya', 1.00, 1.00),
(33, 2, 21, 42, 'Tidak', 0.00, 1.00),
(34, 2, 2, 4, 'Tidak', 0.00, 1.00),
(35, 2, 12, 23, 'Ya', 1.00, 1.00),
(36, 2, 22, 44, 'Tidak', 0.00, 1.00),
(37, 2, 3, 5, 'Ya', 1.00, 1.00),
(38, 2, 13, 25, 'Ya', 1.00, 1.00),
(39, 2, 23, 45, 'Ya', 1.00, 1.00),
(40, 2, 4, 7, 'Ya', 1.00, 1.00),
(41, 2, 14, 27, 'Ya', 1.00, 1.00),
(42, 2, 24, 47, 'Ya', 1.00, 1.00),
(43, 2, 5, 10, 'Tidak', 0.00, 1.00),
(44, 2, 15, 29, 'Ya', 1.00, 1.00),
(45, 2, 25, 50, 'Tidak', 0.00, 1.00),
(46, 2, 6, 12, 'Tidak', 0.00, 1.00),
(47, 2, 16, 32, 'Tidak', 0.00, 1.00),
(48, 2, 26, 52, 'Tidak', 0.00, 1.00),
(49, 2, 7, 14, 'Tidak', 0.00, 1.00),
(50, 2, 17, 33, 'Ya', 1.00, 1.00),
(51, 2, 27, 54, 'Tidak', 0.00, 1.00),
(52, 2, 8, 16, 'Tidak', 0.00, 1.00),
(53, 2, 18, 35, 'Ya', 1.00, 1.00),
(54, 2, 28, 56, 'Tidak', 0.00, 1.00),
(55, 2, 9, 18, 'Tidak', 0.00, 1.00),
(56, 2, 19, 38, 'Tidak', 0.00, 1.00),
(57, 2, 29, 57, 'Ya', 1.00, 1.00),
(58, 2, 10, 19, 'Ya', 1.00, 1.00),
(59, 2, 20, 39, 'Ya', 1.00, 1.00),
(60, 2, 30, 59, 'Ya', 1.00, 1.00),
(61, 3, 1, 1, 'Ya', 1.00, 1.00),
(62, 3, 11, 22, 'Tidak', 0.00, 1.00),
(63, 3, 21, 41, 'Ya', 1.00, 1.00),
(64, 3, 2, 4, 'Tidak', 0.00, 1.00),
(65, 3, 12, 23, 'Ya', 1.00, 1.00),
(66, 3, 22, 43, 'Ya', 1.00, 1.00),
(67, 3, 3, 6, 'Tidak', 0.00, 1.00),
(68, 3, 13, 26, 'Tidak', 0.00, 1.00),
(69, 3, 23, 45, 'Ya', 1.00, 1.00),
(70, 3, 4, 8, 'Tidak', 0.00, 1.00),
(71, 3, 14, 27, 'Ya', 1.00, 1.00),
(72, 3, 24, 48, 'Tidak', 0.00, 1.00),
(73, 3, 5, 10, 'Tidak', 0.00, 1.00),
(74, 3, 15, 30, 'Tidak', 0.00, 1.00),
(75, 3, 25, 49, 'Ya', 1.00, 1.00),
(76, 3, 6, 12, 'Tidak', 0.00, 1.00),
(77, 3, 16, 32, 'Tidak', 0.00, 1.00),
(78, 3, 26, 52, 'Tidak', 0.00, 1.00),
(79, 3, 7, 14, 'Tidak', 0.00, 1.00),
(80, 3, 17, 34, 'Tidak', 0.00, 1.00),
(81, 3, 27, 53, 'Ya', 1.00, 1.00),
(82, 3, 8, 15, 'Ya', 1.00, 1.00),
(83, 3, 18, 36, 'Tidak', 0.00, 1.00),
(84, 3, 28, 56, 'Tidak', 0.00, 1.00),
(85, 3, 9, 18, 'Tidak', 0.00, 1.00),
(86, 3, 19, 38, 'Tidak', 0.00, 1.00),
(87, 3, 29, 57, 'Ya', 1.00, 1.00),
(88, 3, 10, 20, 'Tidak', 0.00, 1.00),
(89, 3, 20, 39, 'Ya', 1.00, 1.00),
(90, 3, 30, 60, 'Tidak', 0.00, 1.00),
(91, 4, 1, 2, 'Tidak', 0.00, 1.00),
(92, 4, 11, 22, 'Tidak', 0.00, 1.00),
(93, 4, 21, 41, 'Ya', 1.00, 1.00),
(94, 4, 2, 4, 'Tidak', 0.00, 1.00),
(95, 4, 12, 24, 'Tidak', 0.00, 1.00),
(96, 4, 22, 43, 'Ya', 1.00, 1.00),
(97, 4, 3, 6, 'Tidak', 0.00, 1.00),
(98, 4, 13, 26, 'Tidak', 0.00, 1.00),
(99, 4, 23, 45, 'Ya', 1.00, 1.00),
(100, 4, 4, 8, 'Tidak', 0.00, 1.00),
(101, 4, 14, 28, 'Tidak', 0.00, 1.00),
(102, 4, 24, 47, 'Ya', 1.00, 1.00),
(103, 4, 5, 10, 'Tidak', 0.00, 1.00),
(104, 4, 15, 29, 'Ya', 1.00, 1.00),
(105, 4, 25, 49, 'Ya', 1.00, 1.00),
(106, 4, 6, 12, 'Tidak', 0.00, 1.00),
(107, 4, 16, 31, 'Ya', 1.00, 1.00),
(108, 4, 26, 51, 'Ya', 1.00, 1.00),
(109, 4, 7, 14, 'Tidak', 0.00, 1.00),
(110, 4, 17, 34, 'Tidak', 0.00, 1.00),
(111, 4, 27, 54, 'Tidak', 0.00, 1.00),
(112, 4, 8, 16, 'Tidak', 0.00, 1.00),
(113, 4, 18, 35, 'Ya', 1.00, 1.00),
(114, 4, 28, 56, 'Tidak', 0.00, 1.00),
(115, 4, 9, 18, 'Tidak', 0.00, 1.00),
(116, 4, 19, 38, 'Tidak', 0.00, 1.00),
(117, 4, 29, 58, 'Tidak', 0.00, 1.00),
(118, 4, 10, 20, 'Tidak', 0.00, 1.00),
(119, 4, 20, 40, 'Tidak', 0.00, 1.00),
(120, 4, 30, 60, 'Tidak', 0.00, 1.00),
(121, 5, 1, 1, 'Ya', 1.00, 1.00),
(122, 5, 11, 21, 'Ya', 1.00, 1.00),
(123, 5, 21, 41, 'Ya', 1.00, 1.00),
(124, 5, 2, 3, 'Ya', 1.00, 1.00),
(125, 5, 12, 23, 'Ya', 1.00, 1.00),
(126, 5, 22, 44, 'Tidak', 0.00, 1.00),
(127, 5, 3, 5, 'Ya', 1.00, 1.00),
(128, 5, 13, 25, 'Ya', 1.00, 1.00),
(129, 5, 23, 46, 'Tidak', 0.00, 1.00),
(130, 5, 4, 7, 'Ya', 1.00, 1.00),
(131, 5, 14, 28, 'Tidak', 0.00, 1.00),
(132, 5, 24, 48, 'Tidak', 0.00, 1.00),
(133, 5, 5, 9, 'Ya', 1.00, 1.00),
(134, 5, 15, 29, 'Ya', 1.00, 1.00),
(135, 5, 25, 50, 'Tidak', 0.00, 1.00),
(136, 5, 6, 12, 'Tidak', 0.00, 1.00),
(137, 5, 16, 31, 'Ya', 1.00, 1.00),
(138, 5, 26, 51, 'Ya', 1.00, 1.00),
(139, 5, 7, 14, 'Tidak', 0.00, 1.00),
(140, 5, 17, 33, 'Ya', 1.00, 1.00),
(141, 5, 27, 54, 'Tidak', 0.00, 1.00),
(142, 5, 8, 15, 'Ya', 1.00, 1.00),
(143, 5, 18, 36, 'Tidak', 0.00, 1.00),
(144, 5, 28, 55, 'Ya', 1.00, 1.00),
(145, 5, 9, 18, 'Tidak', 0.00, 1.00),
(146, 5, 19, 37, 'Ya', 1.00, 1.00),
(147, 5, 29, 58, 'Tidak', 0.00, 1.00),
(148, 5, 10, 19, 'Ya', 1.00, 1.00),
(149, 5, 20, 40, 'Tidak', 0.00, 1.00),
(150, 5, 30, 60, 'Tidak', 0.00, 1.00),
(151, 6, 1, 1, 'Ya', 1.00, 1.00),
(152, 6, 11, 21, 'Ya', 1.00, 1.00),
(153, 6, 21, 42, 'Tidak', 0.00, 1.00),
(154, 6, 2, 4, 'Tidak', 0.00, 1.00),
(155, 6, 12, 23, 'Ya', 1.00, 1.00),
(156, 6, 22, 43, 'Ya', 1.00, 1.00),
(157, 6, 3, 5, 'Ya', 1.00, 1.00),
(158, 6, 13, 25, 'Ya', 1.00, 1.00),
(159, 6, 23, 45, 'Ya', 1.00, 1.00),
(160, 6, 4, 8, 'Tidak', 0.00, 1.00),
(161, 6, 14, 27, 'Ya', 1.00, 1.00),
(162, 6, 24, 47, 'Ya', 1.00, 1.00),
(163, 6, 5, 10, 'Tidak', 0.00, 1.00),
(164, 6, 15, 30, 'Tidak', 0.00, 1.00),
(165, 6, 25, 50, 'Tidak', 0.00, 1.00),
(166, 6, 6, 11, 'Ya', 1.00, 1.00),
(167, 6, 16, 32, 'Tidak', 0.00, 1.00),
(168, 6, 26, 51, 'Ya', 1.00, 1.00),
(169, 6, 7, 14, 'Tidak', 0.00, 1.00),
(170, 6, 17, 33, 'Ya', 1.00, 1.00),
(171, 6, 27, 54, 'Tidak', 0.00, 1.00),
(172, 6, 8, 15, 'Ya', 1.00, 1.00),
(173, 6, 18, 35, 'Ya', 1.00, 1.00),
(174, 6, 28, 56, 'Tidak', 0.00, 1.00),
(175, 6, 9, 18, 'Tidak', 0.00, 1.00),
(176, 6, 19, 37, 'Ya', 1.00, 1.00),
(177, 6, 29, 57, 'Ya', 1.00, 1.00),
(178, 6, 10, 20, 'Tidak', 0.00, 1.00),
(179, 6, 20, 39, 'Ya', 1.00, 1.00),
(180, 6, 30, 59, 'Ya', 1.00, 1.00),
(181, 7, 1, 1, 'Ya', 1.00, 1.00),
(182, 7, 11, 22, 'Tidak', 0.00, 1.00),
(183, 7, 21, 41, 'Ya', 1.00, 1.00),
(184, 7, 2, 4, 'Tidak', 0.00, 1.00),
(185, 7, 12, 23, 'Ya', 1.00, 1.00),
(186, 7, 22, 44, 'Tidak', 0.00, 1.00),
(187, 7, 3, 5, 'Ya', 1.00, 1.00),
(188, 7, 13, 26, 'Tidak', 0.00, 1.00),
(189, 7, 23, 45, 'Ya', 1.00, 1.00),
(190, 7, 4, 7, 'Ya', 1.00, 1.00),
(191, 7, 14, 27, 'Ya', 1.00, 1.00),
(192, 7, 24, 48, 'Tidak', 0.00, 1.00),
(193, 7, 5, 9, 'Ya', 1.00, 1.00),
(194, 7, 15, 30, 'Tidak', 0.00, 1.00),
(195, 7, 25, 50, 'Tidak', 0.00, 1.00),
(196, 7, 6, 12, 'Tidak', 0.00, 1.00),
(197, 7, 16, 32, 'Tidak', 0.00, 1.00),
(198, 7, 26, 51, 'Ya', 1.00, 1.00),
(199, 7, 7, 13, 'Ya', 1.00, 1.00),
(200, 7, 17, 33, 'Ya', 1.00, 1.00),
(201, 7, 27, 54, 'Tidak', 0.00, 1.00),
(202, 7, 8, 16, 'Tidak', 0.00, 1.00),
(203, 7, 18, 36, 'Tidak', 0.00, 1.00),
(204, 7, 28, 56, 'Tidak', 0.00, 1.00),
(205, 7, 9, 17, 'Ya', 1.00, 1.00),
(206, 7, 19, 38, 'Tidak', 0.00, 1.00),
(207, 7, 29, 58, 'Tidak', 0.00, 1.00),
(208, 7, 10, 20, 'Tidak', 0.00, 1.00),
(209, 7, 20, 40, 'Tidak', 0.00, 1.00),
(210, 7, 30, 59, 'Ya', 1.00, 1.00),
(211, 8, 1, 1, 'Ya', 1.00, 1.00),
(212, 8, 11, 22, 'Tidak', 0.00, 1.00),
(213, 8, 21, 42, 'Tidak', 0.00, 1.00),
(214, 8, 2, 3, 'Ya', 1.00, 1.00),
(215, 8, 12, 23, 'Ya', 1.00, 1.00),
(216, 8, 22, 43, 'Ya', 1.00, 1.00),
(217, 8, 3, 5, 'Ya', 1.00, 1.00),
(218, 8, 13, 26, 'Tidak', 0.00, 1.00),
(219, 8, 23, 46, 'Tidak', 0.00, 1.00),
(220, 8, 4, 7, 'Ya', 1.00, 1.00),
(221, 8, 14, 27, 'Ya', 1.00, 1.00),
(222, 8, 24, 47, 'Ya', 1.00, 1.00),
(223, 8, 5, 9, 'Ya', 1.00, 1.00),
(224, 8, 15, 29, 'Ya', 1.00, 1.00),
(225, 8, 25, 49, 'Ya', 1.00, 1.00),
(226, 8, 6, 11, 'Ya', 1.00, 1.00),
(227, 8, 16, 31, 'Ya', 1.00, 1.00),
(228, 8, 26, 51, 'Ya', 1.00, 1.00),
(229, 8, 7, 13, 'Ya', 1.00, 1.00),
(230, 8, 17, 34, 'Tidak', 0.00, 1.00),
(231, 8, 27, 54, 'Tidak', 0.00, 1.00),
(232, 8, 8, 15, 'Ya', 1.00, 1.00),
(233, 8, 18, 36, 'Tidak', 0.00, 1.00),
(234, 8, 28, 55, 'Ya', 1.00, 1.00),
(235, 8, 9, 17, 'Ya', 1.00, 1.00),
(236, 8, 19, 38, 'Tidak', 0.00, 1.00),
(237, 8, 29, 58, 'Tidak', 0.00, 1.00),
(238, 8, 10, 19, 'Ya', 1.00, 1.00),
(239, 8, 20, 40, 'Tidak', 0.00, 1.00),
(240, 8, 30, 59, 'Ya', 1.00, 1.00),
(241, 9, 1, 2, 'Tidak', 0.00, 1.00),
(242, 9, 11, 21, 'Ya', 1.00, 1.00),
(243, 9, 21, 41, 'Ya', 1.00, 1.00),
(244, 9, 2, 4, 'Tidak', 0.00, 1.00),
(245, 9, 12, 23, 'Ya', 1.00, 1.00),
(246, 9, 22, 44, 'Tidak', 0.00, 1.00),
(247, 9, 3, 6, 'Tidak', 0.00, 1.00),
(248, 9, 13, 25, 'Ya', 1.00, 1.00),
(249, 9, 23, 45, 'Ya', 1.00, 1.00),
(250, 9, 4, 8, 'Tidak', 0.00, 1.00),
(251, 9, 14, 28, 'Tidak', 0.00, 1.00),
(252, 9, 24, 47, 'Ya', 1.00, 1.00),
(253, 9, 5, 10, 'Tidak', 0.00, 1.00),
(254, 9, 15, 29, 'Ya', 1.00, 1.00),
(255, 9, 25, 49, 'Ya', 1.00, 1.00),
(256, 9, 6, 12, 'Tidak', 0.00, 1.00),
(257, 9, 16, 31, 'Ya', 1.00, 1.00),
(258, 9, 26, 51, 'Ya', 1.00, 1.00),
(259, 9, 7, 14, 'Tidak', 0.00, 1.00),
(260, 9, 17, 34, 'Tidak', 0.00, 1.00),
(261, 9, 27, 54, 'Tidak', 0.00, 1.00),
(262, 9, 8, 16, 'Tidak', 0.00, 1.00),
(263, 9, 18, 35, 'Ya', 1.00, 1.00),
(264, 9, 28, 56, 'Tidak', 0.00, 1.00),
(265, 9, 9, 18, 'Tidak', 0.00, 1.00),
(266, 9, 19, 37, 'Ya', 1.00, 1.00),
(267, 9, 29, 58, 'Tidak', 0.00, 1.00),
(268, 9, 10, 20, 'Tidak', 0.00, 1.00),
(269, 9, 20, 39, 'Ya', 1.00, 1.00),
(270, 9, 30, 60, 'Tidak', 0.00, 1.00),
(271, 10, 1, 1, 'Ya', 1.00, 1.00),
(272, 10, 11, 21, 'Ya', 1.00, 1.00),
(273, 10, 21, 41, 'Ya', 1.00, 1.00),
(274, 10, 2, 4, 'Tidak', 0.00, 1.00),
(275, 10, 12, 23, 'Ya', 1.00, 1.00),
(276, 10, 22, 44, 'Tidak', 0.00, 1.00),
(277, 10, 3, 5, 'Ya', 1.00, 1.00),
(278, 10, 13, 26, 'Tidak', 0.00, 1.00),
(279, 10, 23, 45, 'Ya', 1.00, 1.00),
(280, 10, 4, 8, 'Tidak', 0.00, 1.00),
(281, 10, 14, 27, 'Ya', 1.00, 1.00),
(282, 10, 24, 47, 'Ya', 1.00, 1.00),
(283, 10, 5, 10, 'Tidak', 0.00, 1.00),
(284, 10, 15, 29, 'Ya', 1.00, 1.00),
(285, 10, 25, 49, 'Ya', 1.00, 1.00),
(286, 10, 6, 12, 'Tidak', 0.00, 1.00),
(287, 10, 16, 31, 'Ya', 1.00, 1.00),
(288, 10, 26, 51, 'Ya', 1.00, 1.00),
(289, 10, 7, 14, 'Tidak', 0.00, 1.00),
(290, 10, 17, 33, 'Ya', 1.00, 1.00),
(291, 10, 27, 54, 'Tidak', 0.00, 1.00),
(292, 10, 8, 16, 'Tidak', 0.00, 1.00),
(293, 10, 18, 35, 'Ya', 1.00, 1.00),
(294, 10, 28, 56, 'Tidak', 0.00, 1.00),
(295, 10, 9, 18, 'Tidak', 0.00, 1.00),
(296, 10, 19, 38, 'Tidak', 0.00, 1.00),
(297, 10, 29, 58, 'Tidak', 0.00, 1.00),
(298, 10, 10, 20, 'Tidak', 0.00, 1.00),
(299, 10, 20, 40, 'Tidak', 0.00, 1.00),
(300, 10, 30, 60, 'Tidak', 0.00, 1.00),
(301, 11, 1, 1, 'Ya', 1.00, 1.00),
(302, 11, 11, 22, 'Tidak', 0.00, 1.00),
(303, 11, 21, 41, 'Ya', 1.00, 1.00),
(304, 11, 2, 3, 'Ya', 1.00, 1.00),
(305, 11, 12, 23, 'Ya', 1.00, 1.00),
(306, 11, 22, 43, 'Ya', 1.00, 1.00),
(307, 11, 3, 5, 'Ya', 1.00, 1.00),
(308, 11, 13, 26, 'Tidak', 0.00, 1.00),
(309, 11, 23, 45, 'Ya', 1.00, 1.00),
(310, 11, 4, 7, 'Ya', 1.00, 1.00),
(311, 11, 14, 27, 'Ya', 1.00, 1.00),
(312, 11, 24, 47, 'Ya', 1.00, 1.00),
(313, 11, 5, 9, 'Ya', 1.00, 1.00),
(314, 11, 15, 29, 'Ya', 1.00, 1.00),
(315, 11, 25, 49, 'Ya', 1.00, 1.00),
(316, 11, 6, 11, 'Ya', 1.00, 1.00),
(317, 11, 16, 31, 'Ya', 1.00, 1.00),
(318, 11, 26, 51, 'Ya', 1.00, 1.00),
(319, 11, 7, 13, 'Ya', 1.00, 1.00),
(320, 11, 17, 34, 'Tidak', 0.00, 1.00),
(321, 11, 27, 53, 'Ya', 1.00, 1.00),
(322, 11, 8, 15, 'Ya', 1.00, 1.00),
(323, 11, 18, 35, 'Ya', 1.00, 1.00),
(324, 11, 28, 56, 'Tidak', 0.00, 1.00),
(325, 11, 9, 17, 'Ya', 1.00, 1.00),
(326, 11, 19, 37, 'Ya', 1.00, 1.00),
(327, 11, 29, 57, 'Ya', 1.00, 1.00),
(328, 11, 10, 19, 'Ya', 1.00, 1.00),
(329, 11, 20, 39, 'Ya', 1.00, 1.00),
(330, 11, 30, 59, 'Ya', 1.00, 1.00),
(331, 12, 1, 2, 'Tidak', 0.00, 1.00),
(332, 12, 11, 22, 'Tidak', 0.00, 1.00),
(333, 12, 21, 41, 'Ya', 1.00, 1.00),
(334, 12, 2, 3, 'Ya', 1.00, 1.00),
(335, 12, 12, 24, 'Tidak', 0.00, 1.00),
(336, 12, 22, 43, 'Ya', 1.00, 1.00),
(337, 12, 3, 6, 'Tidak', 0.00, 1.00),
(338, 12, 13, 26, 'Tidak', 0.00, 1.00),
(339, 12, 23, 46, 'Tidak', 0.00, 1.00),
(340, 12, 4, 8, 'Tidak', 0.00, 1.00),
(341, 12, 14, 28, 'Tidak', 0.00, 1.00),
(342, 12, 24, 48, 'Tidak', 0.00, 1.00),
(343, 12, 5, 10, 'Tidak', 0.00, 1.00),
(344, 12, 15, 30, 'Tidak', 0.00, 1.00),
(345, 12, 25, 50, 'Tidak', 0.00, 1.00),
(346, 12, 6, 12, 'Tidak', 0.00, 1.00),
(347, 12, 16, 32, 'Tidak', 0.00, 1.00),
(348, 12, 26, 52, 'Tidak', 0.00, 1.00),
(349, 12, 7, 14, 'Tidak', 0.00, 1.00),
(350, 12, 17, 34, 'Tidak', 0.00, 1.00),
(351, 12, 27, 54, 'Tidak', 0.00, 1.00),
(352, 12, 8, 16, 'Tidak', 0.00, 1.00),
(353, 12, 18, 36, 'Tidak', 0.00, 1.00),
(354, 12, 28, 56, 'Tidak', 0.00, 1.00),
(355, 12, 9, 18, 'Tidak', 0.00, 1.00),
(356, 12, 19, 38, 'Tidak', 0.00, 1.00),
(357, 12, 29, 58, 'Tidak', 0.00, 1.00),
(358, 12, 10, 20, 'Tidak', 0.00, 1.00),
(359, 12, 20, 40, 'Tidak', 0.00, 1.00),
(360, 12, 30, 60, 'Tidak', 0.00, 1.00),
(361, 13, 1, 1, 'Ya', 1.00, 1.00),
(362, 13, 11, 22, 'Tidak', 0.00, 1.00),
(363, 13, 21, 41, 'Ya', 1.00, 1.00),
(364, 13, 2, 3, 'Ya', 1.00, 1.00),
(365, 13, 12, 24, 'Tidak', 0.00, 1.00),
(366, 13, 22, 44, 'Tidak', 0.00, 1.00),
(367, 13, 3, 5, 'Ya', 1.00, 1.00),
(368, 13, 13, 26, 'Tidak', 0.00, 1.00),
(369, 13, 23, 45, 'Ya', 1.00, 1.00),
(370, 13, 4, 7, 'Ya', 1.00, 1.00),
(371, 13, 14, 27, 'Ya', 1.00, 1.00),
(372, 13, 24, 47, 'Ya', 1.00, 1.00),
(373, 13, 5, 10, 'Tidak', 0.00, 1.00),
(374, 13, 15, 29, 'Ya', 1.00, 1.00),
(375, 13, 25, 49, 'Ya', 1.00, 1.00),
(376, 13, 6, 11, 'Ya', 1.00, 1.00),
(377, 13, 16, 31, 'Ya', 1.00, 1.00),
(378, 13, 26, 51, 'Ya', 1.00, 1.00),
(379, 13, 7, 14, 'Tidak', 0.00, 1.00),
(380, 13, 17, 34, 'Tidak', 0.00, 1.00),
(381, 13, 27, 54, 'Tidak', 0.00, 1.00),
(382, 13, 8, 15, 'Ya', 1.00, 1.00),
(383, 13, 18, 36, 'Tidak', 0.00, 1.00),
(384, 13, 28, 56, 'Tidak', 0.00, 1.00),
(385, 13, 9, 17, 'Ya', 1.00, 1.00),
(386, 13, 19, 38, 'Tidak', 0.00, 1.00),
(387, 13, 29, 57, 'Ya', 1.00, 1.00),
(388, 13, 10, 20, 'Tidak', 0.00, 1.00),
(389, 13, 20, 39, 'Ya', 1.00, 1.00),
(390, 13, 30, 59, 'Ya', 1.00, 1.00),
(391, 14, 1, 1, 'Ya', 1.00, 1.00),
(392, 14, 11, 21, 'Ya', 1.00, 1.00),
(393, 14, 21, 41, 'Ya', 1.00, 1.00),
(394, 14, 2, 4, 'Tidak', 0.00, 1.00),
(395, 14, 12, 23, 'Ya', 1.00, 1.00),
(396, 14, 22, 43, 'Ya', 1.00, 1.00),
(397, 14, 3, 5, 'Ya', 1.00, 1.00),
(398, 14, 13, 25, 'Ya', 1.00, 1.00),
(399, 14, 23, 45, 'Ya', 1.00, 1.00),
(400, 14, 4, 8, 'Tidak', 0.00, 1.00),
(401, 14, 14, 28, 'Tidak', 0.00, 1.00),
(402, 14, 24, 48, 'Tidak', 0.00, 1.00),
(403, 14, 5, 10, 'Tidak', 0.00, 1.00),
(404, 14, 15, 29, 'Ya', 1.00, 1.00),
(405, 14, 25, 50, 'Tidak', 0.00, 1.00),
(406, 14, 6, 12, 'Tidak', 0.00, 1.00),
(407, 14, 16, 31, 'Ya', 1.00, 1.00),
(408, 14, 26, 51, 'Ya', 1.00, 1.00),
(409, 14, 7, 14, 'Tidak', 0.00, 1.00),
(410, 14, 17, 33, 'Ya', 1.00, 1.00),
(411, 14, 27, 54, 'Tidak', 0.00, 1.00),
(412, 14, 8, 15, 'Ya', 1.00, 1.00),
(413, 14, 18, 36, 'Tidak', 0.00, 1.00),
(414, 14, 28, 55, 'Ya', 1.00, 1.00),
(415, 14, 9, 18, 'Tidak', 0.00, 1.00),
(416, 14, 19, 37, 'Ya', 1.00, 1.00),
(417, 14, 29, 57, 'Ya', 1.00, 1.00),
(418, 14, 10, 20, 'Tidak', 0.00, 1.00),
(419, 14, 20, 40, 'Tidak', 0.00, 1.00),
(420, 14, 30, 59, 'Ya', 1.00, 1.00),
(421, 15, 1, 1, 'Ya', 1.00, 1.00),
(422, 15, 11, 22, 'Tidak', 0.00, 1.00),
(423, 15, 21, 42, 'Tidak', 0.00, 1.00),
(424, 15, 2, 4, 'Tidak', 0.00, 1.00),
(425, 15, 12, 24, 'Tidak', 0.00, 1.00),
(426, 15, 22, 44, 'Tidak', 0.00, 1.00),
(427, 15, 3, 5, 'Ya', 1.00, 1.00),
(428, 15, 13, 26, 'Tidak', 0.00, 1.00),
(429, 15, 23, 46, 'Tidak', 0.00, 1.00),
(430, 15, 4, 7, 'Ya', 1.00, 1.00),
(431, 15, 14, 28, 'Tidak', 0.00, 1.00),
(432, 15, 24, 48, 'Tidak', 0.00, 1.00),
(433, 15, 5, 9, 'Ya', 1.00, 1.00),
(434, 15, 15, 29, 'Ya', 1.00, 1.00),
(435, 15, 25, 49, 'Ya', 1.00, 1.00),
(436, 15, 6, 12, 'Tidak', 0.00, 1.00),
(437, 15, 16, 32, 'Tidak', 0.00, 1.00),
(438, 15, 26, 51, 'Ya', 1.00, 1.00),
(439, 15, 7, 13, 'Ya', 1.00, 1.00),
(440, 15, 17, 34, 'Tidak', 0.00, 1.00),
(441, 15, 27, 54, 'Tidak', 0.00, 1.00),
(442, 15, 8, 15, 'Ya', 1.00, 1.00),
(443, 15, 18, 36, 'Tidak', 0.00, 1.00),
(444, 15, 28, 55, 'Ya', 1.00, 1.00),
(445, 15, 9, 17, 'Ya', 1.00, 1.00),
(446, 15, 19, 38, 'Tidak', 0.00, 1.00),
(447, 15, 29, 58, 'Tidak', 0.00, 1.00),
(448, 15, 10, 20, 'Tidak', 0.00, 1.00),
(449, 15, 20, 40, 'Tidak', 0.00, 1.00),
(450, 15, 30, 60, 'Tidak', 0.00, 1.00),
(451, 16, 1, 1, 'Ya', 1.00, 1.00),
(452, 16, 11, 21, 'Ya', 1.00, 1.00),
(453, 16, 21, 41, 'Ya', 1.00, 1.00),
(454, 16, 2, 3, 'Ya', 1.00, 1.00),
(455, 16, 12, 23, 'Ya', 1.00, 1.00),
(456, 16, 22, 43, 'Ya', 1.00, 1.00),
(457, 16, 3, 5, 'Ya', 1.00, 1.00),
(458, 16, 13, 25, 'Ya', 1.00, 1.00),
(459, 16, 23, 46, 'Tidak', 0.00, 1.00),
(460, 16, 4, 7, 'Ya', 1.00, 1.00),
(461, 16, 14, 27, 'Ya', 1.00, 1.00),
(462, 16, 24, 47, 'Ya', 1.00, 1.00),
(463, 16, 5, 9, 'Ya', 1.00, 1.00),
(464, 16, 15, 29, 'Ya', 1.00, 1.00),
(465, 16, 25, 49, 'Ya', 1.00, 1.00),
(466, 16, 6, 12, 'Tidak', 0.00, 1.00),
(467, 16, 16, 32, 'Tidak', 0.00, 1.00),
(468, 16, 26, 51, 'Ya', 1.00, 1.00),
(469, 16, 7, 14, 'Tidak', 0.00, 1.00),
(470, 16, 17, 33, 'Ya', 1.00, 1.00),
(471, 16, 27, 54, 'Tidak', 0.00, 1.00),
(472, 16, 8, 15, 'Ya', 1.00, 1.00),
(473, 16, 18, 35, 'Ya', 1.00, 1.00),
(474, 16, 28, 56, 'Tidak', 0.00, 1.00),
(475, 16, 9, 18, 'Tidak', 0.00, 1.00),
(476, 16, 19, 37, 'Ya', 1.00, 1.00),
(477, 16, 29, 58, 'Tidak', 0.00, 1.00),
(478, 16, 10, 20, 'Tidak', 0.00, 1.00),
(479, 16, 20, 40, 'Tidak', 0.00, 1.00),
(480, 16, 30, 60, 'Tidak', 0.00, 1.00),
(481, 17, 1, 1, 'Ya', 1.00, 1.00),
(482, 17, 11, 22, 'Tidak', 0.00, 1.00),
(483, 17, 21, 42, 'Tidak', 0.00, 1.00),
(484, 17, 2, 3, 'Ya', 1.00, 1.00),
(485, 17, 12, 23, 'Ya', 1.00, 1.00),
(486, 17, 22, 44, 'Tidak', 0.00, 1.00),
(487, 17, 3, 5, 'Ya', 1.00, 1.00),
(488, 17, 13, 26, 'Tidak', 0.00, 1.00),
(489, 17, 23, 46, 'Tidak', 0.00, 1.00),
(490, 17, 4, 7, 'Ya', 1.00, 1.00),
(491, 17, 14, 27, 'Ya', 1.00, 1.00),
(492, 17, 24, 47, 'Ya', 1.00, 1.00),
(493, 17, 5, 9, 'Ya', 1.00, 1.00),
(494, 17, 15, 29, 'Ya', 1.00, 1.00),
(495, 17, 25, 50, 'Tidak', 0.00, 1.00),
(496, 17, 6, 11, 'Ya', 1.00, 1.00),
(497, 17, 16, 31, 'Ya', 1.00, 1.00),
(498, 17, 26, 51, 'Ya', 1.00, 1.00),
(499, 17, 7, 13, 'Ya', 1.00, 1.00),
(500, 17, 17, 34, 'Tidak', 0.00, 1.00),
(501, 17, 27, 54, 'Tidak', 0.00, 1.00),
(502, 17, 8, 15, 'Ya', 1.00, 1.00),
(503, 17, 18, 35, 'Ya', 1.00, 1.00),
(504, 17, 28, 55, 'Ya', 1.00, 1.00),
(505, 17, 9, 17, 'Ya', 1.00, 1.00),
(506, 17, 19, 38, 'Tidak', 0.00, 1.00),
(507, 17, 29, 58, 'Tidak', 0.00, 1.00),
(508, 17, 10, 19, 'Ya', 1.00, 1.00),
(509, 17, 20, 40, 'Tidak', 0.00, 1.00),
(510, 17, 30, 59, 'Ya', 1.00, 1.00),
(511, 18, 1, 2, 'Tidak', 0.00, 1.00),
(512, 18, 11, 21, 'Ya', 1.00, 1.00),
(513, 18, 21, 41, 'Ya', 1.00, 1.00),
(514, 18, 2, 4, 'Tidak', 0.00, 1.00),
(515, 18, 12, 23, 'Ya', 1.00, 1.00),
(516, 18, 22, 43, 'Ya', 1.00, 1.00),
(517, 18, 3, 5, 'Ya', 1.00, 1.00),
(518, 18, 13, 25, 'Ya', 1.00, 1.00),
(519, 18, 23, 45, 'Ya', 1.00, 1.00),
(520, 18, 4, 7, 'Ya', 1.00, 1.00),
(521, 18, 14, 27, 'Ya', 1.00, 1.00),
(522, 18, 24, 47, 'Ya', 1.00, 1.00),
(523, 18, 5, 9, 'Ya', 1.00, 1.00),
(524, 18, 15, 29, 'Ya', 1.00, 1.00),
(525, 18, 25, 49, 'Ya', 1.00, 1.00),
(526, 18, 6, 12, 'Tidak', 0.00, 1.00),
(527, 18, 16, 31, 'Ya', 1.00, 1.00),
(528, 18, 26, 52, 'Tidak', 0.00, 1.00),
(529, 18, 7, 14, 'Tidak', 0.00, 1.00),
(530, 18, 17, 33, 'Ya', 1.00, 1.00),
(531, 18, 27, 54, 'Tidak', 0.00, 1.00),
(532, 18, 8, 16, 'Tidak', 0.00, 1.00),
(533, 18, 18, 35, 'Ya', 1.00, 1.00),
(534, 18, 28, 56, 'Tidak', 0.00, 1.00),
(535, 18, 9, 18, 'Tidak', 0.00, 1.00),
(536, 18, 19, 37, 'Ya', 1.00, 1.00),
(537, 18, 29, 57, 'Ya', 1.00, 1.00),
(538, 18, 10, 19, 'Ya', 1.00, 1.00),
(539, 18, 20, 39, 'Ya', 1.00, 1.00),
(540, 18, 30, 59, 'Ya', 1.00, 1.00),
(541, 19, 1, 1, 'Ya', 1.00, 1.00),
(542, 19, 11, 21, 'Ya', 1.00, 1.00),
(543, 19, 21, 41, 'Ya', 1.00, 1.00),
(544, 19, 2, 4, 'Tidak', 0.00, 1.00),
(545, 19, 12, 23, 'Ya', 1.00, 1.00),
(546, 19, 22, 43, 'Ya', 1.00, 1.00),
(547, 19, 3, 5, 'Ya', 1.00, 1.00),
(548, 19, 13, 26, 'Tidak', 0.00, 1.00),
(549, 19, 23, 45, 'Ya', 1.00, 1.00),
(550, 19, 4, 7, 'Ya', 1.00, 1.00),
(551, 19, 14, 27, 'Ya', 1.00, 1.00),
(552, 19, 24, 48, 'Tidak', 0.00, 1.00),
(553, 19, 5, 10, 'Tidak', 0.00, 1.00),
(554, 19, 15, 29, 'Ya', 1.00, 1.00),
(555, 19, 25, 50, 'Tidak', 0.00, 1.00),
(556, 19, 6, 11, 'Ya', 1.00, 1.00),
(557, 19, 16, 32, 'Tidak', 0.00, 1.00),
(558, 19, 26, 51, 'Ya', 1.00, 1.00),
(559, 19, 7, 14, 'Tidak', 0.00, 1.00),
(560, 19, 17, 34, 'Tidak', 0.00, 1.00),
(561, 19, 27, 54, 'Tidak', 0.00, 1.00),
(562, 19, 8, 15, 'Ya', 1.00, 1.00),
(563, 19, 18, 35, 'Ya', 1.00, 1.00),
(564, 19, 28, 56, 'Tidak', 0.00, 1.00),
(565, 19, 9, 18, 'Tidak', 0.00, 1.00),
(566, 19, 19, 38, 'Tidak', 0.00, 1.00),
(567, 19, 29, 58, 'Tidak', 0.00, 1.00),
(568, 19, 10, 20, 'Tidak', 0.00, 1.00),
(569, 19, 20, 40, 'Tidak', 0.00, 1.00),
(570, 19, 30, 59, 'Ya', 1.00, 1.00),
(571, 20, 1, 2, 'Tidak', 0.00, 1.00),
(572, 20, 11, 21, 'Ya', 1.00, 1.00),
(573, 20, 21, 41, 'Ya', 1.00, 1.00),
(574, 20, 2, 4, 'Tidak', 0.00, 1.00),
(575, 20, 12, 23, 'Ya', 1.00, 1.00),
(576, 20, 22, 44, 'Tidak', 0.00, 1.00),
(577, 20, 3, 6, 'Tidak', 0.00, 1.00),
(578, 20, 13, 26, 'Tidak', 0.00, 1.00),
(579, 20, 23, 45, 'Ya', 1.00, 1.00),
(580, 20, 4, 8, 'Tidak', 0.00, 1.00),
(581, 20, 14, 28, 'Tidak', 0.00, 1.00),
(582, 20, 24, 48, 'Tidak', 0.00, 1.00),
(583, 20, 5, 10, 'Tidak', 0.00, 1.00),
(584, 20, 15, 29, 'Ya', 1.00, 1.00),
(585, 20, 25, 49, 'Ya', 1.00, 1.00),
(586, 20, 6, 12, 'Tidak', 0.00, 1.00),
(587, 20, 16, 32, 'Tidak', 0.00, 1.00),
(588, 20, 26, 52, 'Tidak', 0.00, 1.00),
(589, 20, 7, 14, 'Tidak', 0.00, 1.00),
(590, 20, 17, 34, 'Tidak', 0.00, 1.00),
(591, 20, 27, 53, 'Ya', 1.00, 1.00),
(592, 20, 8, 16, 'Tidak', 0.00, 1.00),
(593, 20, 18, 35, 'Ya', 1.00, 1.00),
(594, 20, 28, 56, 'Tidak', 0.00, 1.00),
(595, 20, 9, 18, 'Tidak', 0.00, 1.00),
(596, 20, 19, 38, 'Tidak', 0.00, 1.00),
(597, 20, 29, 58, 'Tidak', 0.00, 1.00),
(598, 20, 10, 20, 'Tidak', 0.00, 1.00),
(599, 20, 20, 39, 'Ya', 1.00, 1.00),
(600, 20, 30, 60, 'Tidak', 0.00, 1.00),
(601, 21, 1, 2, 'Tidak', 0.00, 1.00),
(602, 21, 11, 21, 'Ya', 1.00, 1.00),
(603, 21, 21, 41, 'Ya', 1.00, 1.00),
(604, 21, 2, 4, 'Tidak', 0.00, 1.00),
(605, 21, 12, 23, 'Ya', 1.00, 1.00),
(606, 21, 22, 43, 'Ya', 1.00, 1.00),
(607, 21, 3, 6, 'Tidak', 0.00, 1.00),
(608, 21, 13, 25, 'Ya', 1.00, 1.00),
(609, 21, 23, 45, 'Ya', 1.00, 1.00),
(610, 21, 4, 8, 'Tidak', 0.00, 1.00),
(611, 21, 14, 27, 'Ya', 1.00, 1.00),
(612, 21, 24, 47, 'Ya', 1.00, 1.00),
(613, 21, 5, 10, 'Tidak', 0.00, 1.00),
(614, 21, 15, 29, 'Ya', 1.00, 1.00),
(615, 21, 25, 49, 'Ya', 1.00, 1.00),
(616, 21, 6, 12, 'Tidak', 0.00, 1.00),
(617, 21, 16, 32, 'Tidak', 0.00, 1.00),
(618, 21, 26, 51, 'Ya', 1.00, 1.00),
(619, 21, 7, 14, 'Tidak', 0.00, 1.00),
(620, 21, 17, 34, 'Tidak', 0.00, 1.00),
(621, 21, 27, 53, 'Ya', 1.00, 1.00),
(622, 21, 8, 16, 'Tidak', 0.00, 1.00),
(623, 21, 18, 35, 'Ya', 1.00, 1.00),
(624, 21, 28, 55, 'Ya', 1.00, 1.00),
(625, 21, 9, 18, 'Tidak', 0.00, 1.00),
(626, 21, 19, 37, 'Ya', 1.00, 1.00),
(627, 21, 29, 57, 'Ya', 1.00, 1.00),
(628, 21, 10, 20, 'Tidak', 0.00, 1.00),
(629, 21, 20, 39, 'Ya', 1.00, 1.00),
(630, 21, 30, 59, 'Ya', 1.00, 1.00),
(631, 22, 1, 2, 'Tidak', 0.00, 1.00),
(632, 22, 11, 21, 'Ya', 1.00, 1.00),
(633, 22, 21, 41, 'Ya', 1.00, 1.00),
(634, 22, 2, 4, 'Tidak', 0.00, 1.00),
(635, 22, 12, 23, 'Ya', 1.00, 1.00),
(636, 22, 22, 43, 'Ya', 1.00, 1.00),
(637, 22, 3, 6, 'Tidak', 0.00, 1.00),
(638, 22, 13, 26, 'Tidak', 0.00, 1.00),
(639, 22, 23, 45, 'Ya', 1.00, 1.00),
(640, 22, 4, 8, 'Tidak', 0.00, 1.00),
(641, 22, 14, 27, 'Ya', 1.00, 1.00),
(642, 22, 24, 47, 'Ya', 1.00, 1.00),
(643, 22, 5, 10, 'Tidak', 0.00, 1.00),
(644, 22, 15, 29, 'Ya', 1.00, 1.00),
(645, 22, 25, 49, 'Ya', 1.00, 1.00),
(646, 22, 6, 12, 'Tidak', 0.00, 1.00),
(647, 22, 16, 32, 'Tidak', 0.00, 1.00),
(648, 22, 26, 51, 'Ya', 1.00, 1.00),
(649, 22, 7, 14, 'Tidak', 0.00, 1.00),
(650, 22, 17, 33, 'Ya', 1.00, 1.00),
(651, 22, 27, 53, 'Ya', 1.00, 1.00),
(652, 22, 8, 16, 'Tidak', 0.00, 1.00),
(653, 22, 18, 35, 'Ya', 1.00, 1.00),
(654, 22, 28, 56, 'Tidak', 0.00, 1.00),
(655, 22, 9, 18, 'Tidak', 0.00, 1.00),
(656, 22, 19, 37, 'Ya', 1.00, 1.00),
(657, 22, 29, 57, 'Ya', 1.00, 1.00),
(658, 22, 10, 20, 'Tidak', 0.00, 1.00),
(659, 22, 20, 39, 'Ya', 1.00, 1.00),
(660, 22, 30, 59, 'Ya', 1.00, 1.00),
(661, 23, 1, 2, 'Tidak', 0.00, 1.00),
(662, 23, 11, 21, 'Ya', 1.00, 1.00),
(663, 23, 21, 41, 'Ya', 1.00, 1.00),
(664, 23, 2, 4, 'Tidak', 0.00, 1.00),
(665, 23, 12, 23, 'Ya', 1.00, 1.00),
(666, 23, 22, 43, 'Ya', 1.00, 1.00),
(667, 23, 3, 5, 'Ya', 1.00, 1.00),
(668, 23, 13, 25, 'Ya', 1.00, 1.00),
(669, 23, 23, 45, 'Ya', 1.00, 1.00),
(670, 23, 4, 8, 'Tidak', 0.00, 1.00),
(671, 23, 14, 28, 'Tidak', 0.00, 1.00),
(672, 23, 24, 48, 'Tidak', 0.00, 1.00),
(673, 23, 5, 10, 'Tidak', 0.00, 1.00),
(674, 23, 15, 29, 'Ya', 1.00, 1.00),
(675, 23, 25, 49, 'Ya', 1.00, 1.00),
(676, 23, 6, 12, 'Tidak', 0.00, 1.00),
(677, 23, 16, 31, 'Ya', 1.00, 1.00),
(678, 23, 26, 52, 'Tidak', 0.00, 1.00),
(679, 23, 7, 14, 'Tidak', 0.00, 1.00),
(680, 23, 17, 34, 'Tidak', 0.00, 1.00),
(681, 23, 27, 54, 'Tidak', 0.00, 1.00),
(682, 23, 8, 16, 'Tidak', 0.00, 1.00),
(683, 23, 18, 35, 'Ya', 1.00, 1.00),
(684, 23, 28, 56, 'Tidak', 0.00, 1.00),
(685, 23, 9, 18, 'Tidak', 0.00, 1.00),
(686, 23, 19, 37, 'Ya', 1.00, 1.00),
(687, 23, 29, 58, 'Tidak', 0.00, 1.00),
(688, 23, 10, 20, 'Tidak', 0.00, 1.00),
(689, 23, 20, 39, 'Ya', 1.00, 1.00),
(690, 23, 30, 59, 'Ya', 1.00, 1.00),
(691, 24, 1, 1, 'Ya', 1.00, 1.00),
(692, 24, 11, 21, 'Ya', 1.00, 1.00),
(693, 24, 21, 41, 'Ya', 1.00, 1.00),
(694, 24, 2, 4, 'Tidak', 0.00, 1.00),
(695, 24, 12, 23, 'Ya', 1.00, 1.00),
(696, 24, 22, 44, 'Tidak', 0.00, 1.00),
(697, 24, 3, 5, 'Ya', 1.00, 1.00),
(698, 24, 13, 25, 'Ya', 1.00, 1.00),
(699, 24, 23, 45, 'Ya', 1.00, 1.00),
(700, 24, 4, 8, 'Tidak', 0.00, 1.00),
(701, 24, 14, 27, 'Ya', 1.00, 1.00),
(702, 24, 24, 47, 'Ya', 1.00, 1.00),
(703, 24, 5, 10, 'Tidak', 0.00, 1.00),
(704, 24, 15, 29, 'Ya', 1.00, 1.00),
(705, 24, 25, 50, 'Tidak', 0.00, 1.00),
(706, 24, 6, 12, 'Tidak', 0.00, 1.00),
(707, 24, 16, 32, 'Tidak', 0.00, 1.00),
(708, 24, 26, 51, 'Ya', 1.00, 1.00),
(709, 24, 7, 14, 'Tidak', 0.00, 1.00),
(710, 24, 17, 33, 'Ya', 1.00, 1.00),
(711, 24, 27, 54, 'Tidak', 0.00, 1.00),
(712, 24, 8, 15, 'Ya', 1.00, 1.00),
(713, 24, 18, 35, 'Ya', 1.00, 1.00),
(714, 24, 28, 56, 'Tidak', 0.00, 1.00),
(715, 24, 9, 18, 'Tidak', 0.00, 1.00),
(716, 24, 19, 38, 'Tidak', 0.00, 1.00),
(717, 24, 29, 58, 'Tidak', 0.00, 1.00),
(718, 24, 10, 20, 'Tidak', 0.00, 1.00),
(719, 24, 20, 39, 'Ya', 1.00, 1.00),
(720, 24, 30, 60, 'Tidak', 0.00, 1.00),
(721, 25, 1, 1, 'Ya', 1.00, 1.00),
(722, 25, 11, 22, 'Tidak', 0.00, 1.00),
(723, 25, 21, 41, 'Ya', 1.00, 1.00),
(724, 25, 2, 3, 'Ya', 1.00, 1.00),
(725, 25, 12, 23, 'Ya', 1.00, 1.00),
(726, 25, 22, 44, 'Tidak', 0.00, 1.00),
(727, 25, 3, 5, 'Ya', 1.00, 1.00),
(728, 25, 13, 26, 'Tidak', 0.00, 1.00),
(729, 25, 23, 46, 'Tidak', 0.00, 1.00),
(730, 25, 4, 7, 'Ya', 1.00, 1.00),
(731, 25, 14, 28, 'Tidak', 0.00, 1.00),
(732, 25, 24, 48, 'Tidak', 0.00, 1.00),
(733, 25, 5, 9, 'Ya', 1.00, 1.00),
(734, 25, 15, 30, 'Tidak', 0.00, 1.00),
(735, 25, 25, 50, 'Tidak', 0.00, 1.00),
(736, 25, 6, 11, 'Ya', 1.00, 1.00),
(737, 25, 16, 31, 'Ya', 1.00, 1.00),
(738, 25, 26, 52, 'Tidak', 0.00, 1.00),
(739, 25, 7, 13, 'Ya', 1.00, 1.00),
(740, 25, 17, 34, 'Tidak', 0.00, 1.00),
(741, 25, 27, 53, 'Ya', 1.00, 1.00),
(742, 25, 8, 16, 'Tidak', 0.00, 1.00),
(743, 25, 18, 36, 'Tidak', 0.00, 1.00),
(744, 25, 28, 55, 'Ya', 1.00, 1.00),
(745, 25, 9, 17, 'Ya', 1.00, 1.00),
(746, 25, 19, 38, 'Tidak', 0.00, 1.00),
(747, 25, 29, 57, 'Ya', 1.00, 1.00),
(748, 25, 10, 19, 'Ya', 1.00, 1.00),
(749, 25, 20, 39, 'Ya', 1.00, 1.00),
(750, 25, 30, 60, 'Tidak', 0.00, 1.00),
(751, 26, 1, 1, 'Ya', 1.00, 1.00),
(752, 26, 11, 21, 'Ya', 1.00, 1.00),
(753, 26, 21, 41, 'Ya', 1.00, 1.00),
(754, 26, 2, 4, 'Tidak', 0.00, 1.00),
(755, 26, 12, 23, 'Ya', 1.00, 1.00),
(756, 26, 22, 44, 'Tidak', 0.00, 1.00),
(757, 26, 3, 5, 'Ya', 1.00, 1.00),
(758, 26, 13, 25, 'Ya', 1.00, 1.00),
(759, 26, 23, 45, 'Ya', 1.00, 1.00),
(760, 26, 4, 8, 'Tidak', 0.00, 1.00),
(761, 26, 14, 28, 'Tidak', 0.00, 1.00),
(762, 26, 24, 47, 'Ya', 1.00, 1.00),
(763, 26, 5, 10, 'Tidak', 0.00, 1.00),
(764, 26, 15, 29, 'Ya', 1.00, 1.00),
(765, 26, 25, 49, 'Ya', 1.00, 1.00),
(766, 26, 6, 12, 'Tidak', 0.00, 1.00),
(767, 26, 16, 31, 'Ya', 1.00, 1.00),
(768, 26, 26, 51, 'Ya', 1.00, 1.00),
(769, 26, 7, 14, 'Tidak', 0.00, 1.00),
(770, 26, 17, 34, 'Tidak', 0.00, 1.00),
(771, 26, 27, 53, 'Ya', 1.00, 1.00),
(772, 26, 8, 16, 'Tidak', 0.00, 1.00),
(773, 26, 18, 35, 'Ya', 1.00, 1.00),
(774, 26, 28, 56, 'Tidak', 0.00, 1.00),
(775, 26, 9, 18, 'Tidak', 0.00, 1.00),
(776, 26, 19, 38, 'Tidak', 0.00, 1.00),
(777, 26, 29, 58, 'Tidak', 0.00, 1.00),
(778, 26, 10, 20, 'Tidak', 0.00, 1.00),
(779, 26, 20, 39, 'Ya', 1.00, 1.00),
(780, 26, 30, 60, 'Tidak', 0.00, 1.00),
(781, 27, 1, 1, 'Ya', 1.00, 1.00),
(782, 27, 11, 21, 'Ya', 1.00, 1.00),
(783, 27, 21, 41, 'Ya', 1.00, 1.00),
(784, 27, 2, 3, 'Ya', 1.00, 1.00),
(785, 27, 12, 23, 'Ya', 1.00, 1.00),
(786, 27, 22, 43, 'Ya', 1.00, 1.00),
(787, 27, 3, 5, 'Ya', 1.00, 1.00),
(788, 27, 13, 25, 'Ya', 1.00, 1.00),
(789, 27, 23, 45, 'Ya', 1.00, 1.00),
(790, 27, 4, 8, 'Tidak', 0.00, 1.00),
(791, 27, 14, 27, 'Ya', 1.00, 1.00),
(792, 27, 24, 47, 'Ya', 1.00, 1.00),
(793, 27, 5, 10, 'Tidak', 0.00, 1.00),
(794, 27, 15, 29, 'Ya', 1.00, 1.00),
(795, 27, 25, 49, 'Ya', 1.00, 1.00),
(796, 27, 6, 11, 'Ya', 1.00, 1.00),
(797, 27, 16, 31, 'Ya', 1.00, 1.00),
(798, 27, 26, 51, 'Ya', 1.00, 1.00),
(799, 27, 7, 14, 'Tidak', 0.00, 1.00),
(800, 27, 17, 33, 'Ya', 1.00, 1.00),
(801, 27, 27, 53, 'Ya', 1.00, 1.00),
(802, 27, 8, 15, 'Ya', 1.00, 1.00),
(803, 27, 18, 35, 'Ya', 1.00, 1.00),
(804, 27, 28, 55, 'Ya', 1.00, 1.00),
(805, 27, 9, 18, 'Tidak', 0.00, 1.00),
(806, 27, 19, 37, 'Ya', 1.00, 1.00),
(807, 27, 29, 57, 'Ya', 1.00, 1.00),
(808, 27, 10, 19, 'Ya', 1.00, 1.00),
(809, 27, 20, 39, 'Ya', 1.00, 1.00),
(810, 27, 30, 59, 'Ya', 1.00, 1.00),
(811, 28, 1, 1, 'Ya', 1.00, 1.00),
(812, 28, 11, 22, 'Tidak', 0.00, 1.00),
(813, 28, 21, 42, 'Tidak', 0.00, 1.00),
(814, 28, 2, 3, 'Ya', 1.00, 1.00),
(815, 28, 12, 23, 'Ya', 1.00, 1.00),
(816, 28, 22, 44, 'Tidak', 0.00, 1.00),
(817, 28, 3, 5, 'Ya', 1.00, 1.00),
(818, 28, 13, 26, 'Tidak', 0.00, 1.00),
(819, 28, 23, 46, 'Tidak', 0.00, 1.00),
(820, 28, 4, 7, 'Ya', 1.00, 1.00),
(821, 28, 14, 27, 'Ya', 1.00, 1.00),
(822, 28, 24, 48, 'Tidak', 0.00, 1.00),
(823, 28, 5, 9, 'Ya', 1.00, 1.00),
(824, 28, 15, 30, 'Tidak', 0.00, 1.00),
(825, 28, 25, 50, 'Tidak', 0.00, 1.00),
(826, 28, 6, 11, 'Ya', 1.00, 1.00),
(827, 28, 16, 31, 'Ya', 1.00, 1.00),
(828, 28, 26, 52, 'Tidak', 0.00, 1.00),
(829, 28, 7, 13, 'Ya', 1.00, 1.00),
(830, 28, 17, 34, 'Tidak', 0.00, 1.00),
(831, 28, 27, 54, 'Tidak', 0.00, 1.00),
(832, 28, 8, 16, 'Tidak', 0.00, 1.00),
(833, 28, 18, 36, 'Tidak', 0.00, 1.00),
(834, 28, 28, 56, 'Tidak', 0.00, 1.00),
(835, 28, 9, 17, 'Ya', 1.00, 1.00),
(836, 28, 19, 38, 'Tidak', 0.00, 1.00),
(837, 28, 29, 58, 'Tidak', 0.00, 1.00),
(838, 28, 10, 19, 'Ya', 1.00, 1.00),
(839, 28, 20, 40, 'Tidak', 0.00, 1.00),
(840, 28, 30, 60, 'Tidak', 0.00, 1.00),
(841, 29, 1, 2, 'Tidak', 0.00, 1.00),
(842, 29, 11, 21, 'Ya', 1.00, 1.00),
(843, 29, 21, 41, 'Ya', 1.00, 1.00),
(844, 29, 2, 4, 'Tidak', 0.00, 1.00),
(845, 29, 12, 23, 'Ya', 1.00, 1.00),
(846, 29, 22, 43, 'Ya', 1.00, 1.00),
(847, 29, 3, 5, 'Ya', 1.00, 1.00),
(848, 29, 13, 25, 'Ya', 1.00, 1.00),
(849, 29, 23, 45, 'Ya', 1.00, 1.00),
(850, 29, 4, 8, 'Tidak', 0.00, 1.00),
(851, 29, 14, 27, 'Ya', 1.00, 1.00),
(852, 29, 24, 47, 'Ya', 1.00, 1.00),
(853, 29, 5, 10, 'Tidak', 0.00, 1.00),
(854, 29, 15, 29, 'Ya', 1.00, 1.00),
(855, 29, 25, 49, 'Ya', 1.00, 1.00),
(856, 29, 6, 12, 'Tidak', 0.00, 1.00),
(857, 29, 16, 31, 'Ya', 1.00, 1.00),
(858, 29, 26, 51, 'Ya', 1.00, 1.00),
(859, 29, 7, 14, 'Tidak', 0.00, 1.00),
(860, 29, 17, 33, 'Ya', 1.00, 1.00),
(861, 29, 27, 53, 'Ya', 1.00, 1.00),
(862, 29, 8, 16, 'Tidak', 0.00, 1.00),
(863, 29, 18, 35, 'Ya', 1.00, 1.00),
(864, 29, 28, 56, 'Tidak', 0.00, 1.00),
(865, 29, 9, 18, 'Tidak', 0.00, 1.00),
(866, 29, 19, 37, 'Ya', 1.00, 1.00),
(867, 29, 29, 58, 'Tidak', 0.00, 1.00),
(868, 29, 10, 20, 'Tidak', 0.00, 1.00),
(869, 29, 20, 39, 'Ya', 1.00, 1.00),
(870, 29, 30, 59, 'Ya', 1.00, 1.00),
(871, 30, 1, 1, 'Ya', 1.00, 1.00),
(872, 30, 11, 22, 'Tidak', 0.00, 1.00),
(873, 30, 21, 42, 'Tidak', 0.00, 1.00),
(874, 30, 2, 3, 'Ya', 1.00, 1.00),
(875, 30, 12, 23, 'Ya', 1.00, 1.00),
(876, 30, 22, 44, 'Tidak', 0.00, 1.00),
(877, 30, 3, 5, 'Ya', 1.00, 1.00),
(878, 30, 13, 26, 'Tidak', 0.00, 1.00),
(879, 30, 23, 45, 'Ya', 1.00, 1.00),
(880, 30, 4, 7, 'Ya', 1.00, 1.00),
(881, 30, 14, 27, 'Ya', 1.00, 1.00),
(882, 30, 24, 48, 'Tidak', 0.00, 1.00),
(883, 30, 5, 9, 'Ya', 1.00, 1.00),
(884, 30, 15, 30, 'Tidak', 0.00, 1.00),
(885, 30, 25, 50, 'Tidak', 0.00, 1.00),
(886, 30, 6, 11, 'Ya', 1.00, 1.00),
(887, 30, 16, 32, 'Tidak', 0.00, 1.00),
(888, 30, 26, 51, 'Ya', 1.00, 1.00),
(889, 30, 7, 13, 'Ya', 1.00, 1.00),
(890, 30, 17, 33, 'Ya', 1.00, 1.00),
(891, 30, 27, 54, 'Tidak', 0.00, 1.00),
(892, 30, 8, 15, 'Ya', 1.00, 1.00),
(893, 30, 18, 35, 'Ya', 1.00, 1.00),
(894, 30, 28, 55, 'Ya', 1.00, 1.00),
(895, 30, 9, 17, 'Ya', 1.00, 1.00),
(896, 30, 19, 38, 'Tidak', 0.00, 1.00),
(897, 30, 29, 58, 'Tidak', 0.00, 1.00),
(898, 30, 10, 19, 'Ya', 1.00, 1.00),
(899, 30, 20, 40, 'Tidak', 0.00, 1.00),
(900, 30, 30, 59, 'Ya', 1.00, 1.00),
(901, 31, 1, 1, 'Ya', 1.00, 1.00),
(902, 31, 11, 21, 'Ya', 1.00, 1.00),
(903, 31, 21, 41, 'Ya', 1.00, 1.00),
(904, 31, 2, 3, 'Ya', 1.00, 1.00),
(905, 31, 12, 23, 'Ya', 1.00, 1.00),
(906, 31, 22, 43, 'Ya', 1.00, 1.00),
(907, 31, 3, 5, 'Ya', 1.00, 1.00),
(908, 31, 13, 25, 'Ya', 1.00, 1.00),
(909, 31, 23, 45, 'Ya', 1.00, 1.00),
(910, 31, 4, 7, 'Ya', 1.00, 1.00),
(911, 31, 14, 27, 'Ya', 1.00, 1.00),
(912, 31, 24, 47, 'Ya', 1.00, 1.00),
(913, 31, 5, 9, 'Ya', 1.00, 1.00),
(914, 31, 15, 29, 'Ya', 1.00, 1.00),
(915, 31, 25, 49, 'Ya', 1.00, 1.00),
(916, 31, 6, 11, 'Ya', 1.00, 1.00),
(917, 31, 16, 31, 'Ya', 1.00, 1.00),
(918, 31, 26, 51, 'Ya', 1.00, 1.00),
(919, 31, 7, 13, 'Ya', 1.00, 1.00),
(920, 31, 17, 33, 'Ya', 1.00, 1.00),
(921, 31, 27, 54, 'Tidak', 0.00, 1.00),
(922, 31, 8, 15, 'Ya', 1.00, 1.00),
(923, 31, 18, 35, 'Ya', 1.00, 1.00),
(924, 31, 28, 55, 'Ya', 1.00, 1.00),
(925, 31, 9, 17, 'Ya', 1.00, 1.00),
(926, 31, 19, 37, 'Ya', 1.00, 1.00),
(927, 31, 29, 58, 'Tidak', 0.00, 1.00),
(928, 31, 10, 19, 'Ya', 1.00, 1.00),
(929, 31, 20, 39, 'Ya', 1.00, 1.00),
(930, 31, 30, 59, 'Ya', 1.00, 1.00),
(931, 32, 1, 2, 'Tidak', 0.00, 1.00),
(932, 32, 11, 21, 'Ya', 1.00, 1.00),
(933, 32, 21, 41, 'Ya', 1.00, 1.00),
(934, 32, 2, 4, 'Tidak', 0.00, 1.00),
(935, 32, 12, 23, 'Ya', 1.00, 1.00),
(936, 32, 22, 44, 'Tidak', 0.00, 1.00),
(937, 32, 3, 5, 'Ya', 1.00, 1.00),
(938, 32, 13, 25, 'Ya', 1.00, 1.00),
(939, 32, 23, 45, 'Ya', 1.00, 1.00),
(940, 32, 4, 8, 'Tidak', 0.00, 1.00),
(941, 32, 14, 27, 'Ya', 1.00, 1.00),
(942, 32, 24, 47, 'Ya', 1.00, 1.00),
(943, 32, 5, 10, 'Tidak', 0.00, 1.00),
(944, 32, 15, 29, 'Ya', 1.00, 1.00),
(945, 32, 25, 49, 'Ya', 1.00, 1.00),
(946, 32, 6, 11, 'Ya', 1.00, 1.00),
(947, 32, 16, 31, 'Ya', 1.00, 1.00),
(948, 32, 26, 51, 'Ya', 1.00, 1.00),
(949, 32, 7, 14, 'Tidak', 0.00, 1.00),
(950, 32, 17, 33, 'Ya', 1.00, 1.00),
(951, 32, 27, 54, 'Tidak', 0.00, 1.00),
(952, 32, 8, 16, 'Tidak', 0.00, 1.00),
(953, 32, 18, 35, 'Ya', 1.00, 1.00),
(954, 32, 28, 55, 'Ya', 1.00, 1.00),
(955, 32, 9, 18, 'Tidak', 0.00, 1.00),
(956, 32, 19, 37, 'Ya', 1.00, 1.00),
(957, 32, 29, 58, 'Tidak', 0.00, 1.00),
(958, 32, 10, 20, 'Tidak', 0.00, 1.00),
(959, 32, 20, 39, 'Ya', 1.00, 1.00),
(960, 32, 30, 60, 'Tidak', 0.00, 1.00),
(961, 33, 1, 1, 'Ya', 1.00, 1.00),
(962, 33, 11, 22, 'Tidak', 0.00, 1.00),
(963, 33, 21, 41, 'Ya', 1.00, 1.00),
(964, 33, 2, 3, 'Ya', 1.00, 1.00),
(965, 33, 12, 23, 'Ya', 1.00, 1.00),
(966, 33, 22, 43, 'Ya', 1.00, 1.00),
(967, 33, 3, 6, 'Tidak', 0.00, 1.00),
(968, 33, 13, 26, 'Tidak', 0.00, 1.00),
(969, 33, 23, 45, 'Ya', 1.00, 1.00),
(970, 33, 4, 7, 'Ya', 1.00, 1.00),
(971, 33, 14, 27, 'Ya', 1.00, 1.00),
(972, 33, 24, 47, 'Ya', 1.00, 1.00),
(973, 33, 5, 9, 'Ya', 1.00, 1.00),
(974, 33, 15, 30, 'Tidak', 0.00, 1.00),
(975, 33, 25, 49, 'Ya', 1.00, 1.00),
(976, 33, 6, 11, 'Ya', 1.00, 1.00),
(977, 33, 16, 32, 'Tidak', 0.00, 1.00),
(978, 33, 26, 51, 'Ya', 1.00, 1.00),
(979, 33, 7, 14, 'Tidak', 0.00, 1.00),
(980, 33, 17, 33, 'Ya', 1.00, 1.00),
(981, 33, 27, 54, 'Tidak', 0.00, 1.00),
(982, 33, 8, 15, 'Ya', 1.00, 1.00),
(983, 33, 18, 35, 'Ya', 1.00, 1.00),
(984, 33, 28, 55, 'Ya', 1.00, 1.00),
(985, 33, 9, 17, 'Ya', 1.00, 1.00),
(986, 33, 19, 38, 'Tidak', 0.00, 1.00),
(987, 33, 29, 57, 'Ya', 1.00, 1.00),
(988, 33, 10, 20, 'Tidak', 0.00, 1.00),
(989, 33, 20, 40, 'Tidak', 0.00, 1.00),
(990, 33, 30, 60, 'Tidak', 0.00, 1.00),
(991, 34, 1, 2, 'Tidak', 0.00, 1.00),
(992, 34, 11, 21, 'Ya', 1.00, 1.00),
(993, 34, 21, 41, 'Ya', 1.00, 1.00),
(994, 34, 2, 4, 'Tidak', 0.00, 1.00),
(995, 34, 12, 23, 'Ya', 1.00, 1.00),
(996, 34, 22, 43, 'Ya', 1.00, 1.00),
(997, 34, 3, 5, 'Ya', 1.00, 1.00),
(998, 34, 13, 25, 'Ya', 1.00, 1.00),
(999, 34, 23, 45, 'Ya', 1.00, 1.00),
(1000, 34, 4, 8, 'Tidak', 0.00, 1.00),
(1001, 34, 14, 27, 'Ya', 1.00, 1.00),
(1002, 34, 24, 47, 'Ya', 1.00, 1.00),
(1003, 34, 5, 10, 'Tidak', 0.00, 1.00),
(1004, 34, 15, 29, 'Ya', 1.00, 1.00),
(1005, 34, 25, 49, 'Ya', 1.00, 1.00),
(1006, 34, 6, 12, 'Tidak', 0.00, 1.00),
(1007, 34, 16, 32, 'Tidak', 0.00, 1.00),
(1008, 34, 26, 51, 'Ya', 1.00, 1.00),
(1009, 34, 7, 14, 'Tidak', 0.00, 1.00),
(1010, 34, 17, 33, 'Ya', 1.00, 1.00),
(1011, 34, 27, 54, 'Tidak', 0.00, 1.00),
(1012, 34, 8, 16, 'Tidak', 0.00, 1.00),
(1013, 34, 18, 35, 'Ya', 1.00, 1.00),
(1014, 34, 28, 56, 'Tidak', 0.00, 1.00),
(1015, 34, 9, 18, 'Tidak', 0.00, 1.00),
(1016, 34, 19, 37, 'Ya', 1.00, 1.00),
(1017, 34, 29, 57, 'Ya', 1.00, 1.00),
(1018, 34, 10, 20, 'Tidak', 0.00, 1.00),
(1019, 34, 20, 40, 'Tidak', 0.00, 1.00),
(1020, 34, 30, 60, 'Tidak', 0.00, 1.00),
(1021, 35, 1, 2, 'Tidak', 0.00, 1.00),
(1022, 35, 11, 21, 'Ya', 1.00, 1.00),
(1023, 35, 21, 41, 'Ya', 1.00, 1.00),
(1024, 35, 2, 4, 'Tidak', 0.00, 1.00),
(1025, 35, 12, 23, 'Ya', 1.00, 1.00),
(1026, 35, 22, 43, 'Ya', 1.00, 1.00),
(1027, 35, 3, 5, 'Ya', 1.00, 1.00),
(1028, 35, 13, 25, 'Ya', 1.00, 1.00),
(1029, 35, 23, 45, 'Ya', 1.00, 1.00),
(1030, 35, 4, 8, 'Tidak', 0.00, 1.00),
(1031, 35, 14, 27, 'Ya', 1.00, 1.00),
(1032, 35, 24, 47, 'Ya', 1.00, 1.00),
(1033, 35, 5, 10, 'Tidak', 0.00, 1.00),
(1034, 35, 15, 29, 'Ya', 1.00, 1.00),
(1035, 35, 25, 49, 'Ya', 1.00, 1.00),
(1036, 35, 6, 12, 'Tidak', 0.00, 1.00),
(1037, 35, 16, 32, 'Tidak', 0.00, 1.00),
(1038, 35, 26, 51, 'Ya', 1.00, 1.00),
(1039, 35, 7, 14, 'Tidak', 0.00, 1.00),
(1040, 35, 17, 33, 'Ya', 1.00, 1.00),
(1041, 35, 27, 54, 'Tidak', 0.00, 1.00),
(1042, 35, 8, 16, 'Tidak', 0.00, 1.00),
(1043, 35, 18, 35, 'Ya', 1.00, 1.00),
(1044, 35, 28, 56, 'Tidak', 0.00, 1.00),
(1045, 35, 9, 18, 'Tidak', 0.00, 1.00),
(1046, 35, 19, 37, 'Ya', 1.00, 1.00),
(1047, 35, 29, 57, 'Ya', 1.00, 1.00),
(1048, 35, 10, 20, 'Tidak', 0.00, 1.00),
(1049, 35, 20, 40, 'Tidak', 0.00, 1.00),
(1050, 35, 30, 60, 'Tidak', 0.00, 1.00),
(1051, 36, 1, 1, 'Ya', 1.00, 1.00),
(1052, 36, 11, 21, 'Ya', 1.00, 1.00),
(1053, 36, 21, 41, 'Ya', 1.00, 1.00),
(1054, 36, 2, 3, 'Ya', 1.00, 1.00),
(1055, 36, 12, 23, 'Ya', 1.00, 1.00),
(1056, 36, 22, 43, 'Ya', 1.00, 1.00),
(1057, 36, 3, 5, 'Ya', 1.00, 1.00),
(1058, 36, 13, 25, 'Ya', 1.00, 1.00),
(1059, 36, 23, 45, 'Ya', 1.00, 1.00),
(1060, 36, 4, 7, 'Ya', 1.00, 1.00),
(1061, 36, 14, 27, 'Ya', 1.00, 1.00),
(1062, 36, 24, 47, 'Ya', 1.00, 1.00),
(1063, 36, 5, 9, 'Ya', 1.00, 1.00),
(1064, 36, 15, 29, 'Ya', 1.00, 1.00),
(1065, 36, 25, 49, 'Ya', 1.00, 1.00),
(1066, 36, 6, 11, 'Ya', 1.00, 1.00),
(1067, 36, 16, 31, 'Ya', 1.00, 1.00),
(1068, 36, 26, 51, 'Ya', 1.00, 1.00),
(1069, 36, 7, 13, 'Ya', 1.00, 1.00),
(1070, 36, 17, 33, 'Ya', 1.00, 1.00),
(1071, 36, 27, 53, 'Ya', 1.00, 1.00),
(1072, 36, 8, 15, 'Ya', 1.00, 1.00),
(1073, 36, 18, 35, 'Ya', 1.00, 1.00),
(1074, 36, 28, 55, 'Ya', 1.00, 1.00),
(1075, 36, 9, 17, 'Ya', 1.00, 1.00),
(1076, 36, 19, 37, 'Ya', 1.00, 1.00),
(1077, 36, 29, 57, 'Ya', 1.00, 1.00),
(1078, 36, 10, 19, 'Ya', 1.00, 1.00),
(1079, 36, 20, 39, 'Ya', 1.00, 1.00),
(1080, 36, 30, 59, 'Ya', 1.00, 1.00),
(1081, 37, 1, 1, 'Ya', 1.00, 1.00),
(1082, 37, 11, 22, 'Tidak', 0.00, 1.00),
(1083, 37, 21, 42, 'Tidak', 0.00, 1.00),
(1084, 37, 2, 3, 'Ya', 1.00, 1.00),
(1085, 37, 12, 23, 'Ya', 1.00, 1.00),
(1086, 37, 22, 44, 'Tidak', 0.00, 1.00),
(1087, 37, 3, 5, 'Ya', 1.00, 1.00),
(1088, 37, 13, 25, 'Ya', 1.00, 1.00),
(1089, 37, 23, 46, 'Tidak', 0.00, 1.00),
(1090, 37, 4, 7, 'Ya', 1.00, 1.00),
(1091, 37, 14, 27, 'Ya', 1.00, 1.00),
(1092, 37, 24, 47, 'Ya', 1.00, 1.00),
(1093, 37, 5, 9, 'Ya', 1.00, 1.00),
(1094, 37, 15, 29, 'Ya', 1.00, 1.00),
(1095, 37, 25, 50, 'Tidak', 0.00, 1.00),
(1096, 37, 6, 11, 'Ya', 1.00, 1.00),
(1097, 37, 16, 31, 'Ya', 1.00, 1.00),
(1098, 37, 26, 51, 'Ya', 1.00, 1.00),
(1099, 37, 7, 13, 'Ya', 1.00, 1.00),
(1100, 37, 17, 33, 'Ya', 1.00, 1.00),
(1101, 37, 27, 53, 'Ya', 1.00, 1.00),
(1102, 37, 8, 15, 'Ya', 1.00, 1.00),
(1103, 37, 18, 35, 'Ya', 1.00, 1.00),
(1104, 37, 28, 55, 'Ya', 1.00, 1.00),
(1105, 37, 9, 17, 'Ya', 1.00, 1.00),
(1106, 37, 19, 38, 'Tidak', 0.00, 1.00),
(1107, 37, 29, 58, 'Tidak', 0.00, 1.00),
(1108, 37, 10, 19, 'Ya', 1.00, 1.00),
(1109, 37, 20, 39, 'Ya', 1.00, 1.00),
(1110, 37, 30, 59, 'Ya', 1.00, 1.00),
(1111, 38, 1, 2, 'Tidak', 0.00, 1.00),
(1112, 38, 11, 22, 'Tidak', 0.00, 1.00),
(1113, 38, 21, 42, 'Tidak', 0.00, 1.00),
(1114, 38, 2, 3, 'Ya', 1.00, 1.00),
(1115, 38, 12, 23, 'Ya', 1.00, 1.00),
(1116, 38, 22, 44, 'Tidak', 0.00, 1.00),
(1117, 38, 3, 6, 'Tidak', 0.00, 1.00),
(1118, 38, 13, 26, 'Tidak', 0.00, 1.00),
(1119, 38, 23, 46, 'Tidak', 0.00, 1.00),
(1120, 38, 4, 8, 'Tidak', 0.00, 1.00),
(1121, 38, 14, 28, 'Tidak', 0.00, 1.00),
(1122, 38, 24, 48, 'Tidak', 0.00, 1.00),
(1123, 38, 5, 10, 'Tidak', 0.00, 1.00),
(1124, 38, 15, 30, 'Tidak', 0.00, 1.00),
(1125, 38, 25, 50, 'Tidak', 0.00, 1.00),
(1126, 38, 6, 12, 'Tidak', 0.00, 1.00),
(1127, 38, 16, 32, 'Tidak', 0.00, 1.00),
(1128, 38, 26, 52, 'Tidak', 0.00, 1.00),
(1129, 38, 7, 14, 'Tidak', 0.00, 1.00),
(1130, 38, 17, 34, 'Tidak', 0.00, 1.00),
(1131, 38, 27, 54, 'Tidak', 0.00, 1.00),
(1132, 38, 8, 16, 'Tidak', 0.00, 1.00),
(1133, 38, 18, 36, 'Tidak', 0.00, 1.00),
(1134, 38, 28, 56, 'Tidak', 0.00, 1.00),
(1135, 38, 9, 18, 'Tidak', 0.00, 1.00),
(1136, 38, 19, 38, 'Tidak', 0.00, 1.00),
(1137, 38, 29, 58, 'Tidak', 0.00, 1.00),
(1138, 38, 10, 20, 'Tidak', 0.00, 1.00),
(1139, 38, 20, 40, 'Tidak', 0.00, 1.00),
(1140, 38, 30, 60, 'Tidak', 0.00, 1.00),
(1141, 39, 1, 1, 'Ya', 1.00, 1.00),
(1142, 39, 11, 21, 'Ya', 1.00, 1.00),
(1143, 39, 21, 41, 'Ya', 1.00, 1.00),
(1144, 39, 2, 3, 'Ya', 1.00, 1.00),
(1145, 39, 12, 23, 'Ya', 1.00, 1.00),
(1146, 39, 22, 44, 'Tidak', 0.00, 1.00),
(1147, 39, 3, 6, 'Tidak', 0.00, 1.00),
(1148, 39, 13, 26, 'Tidak', 0.00, 1.00),
(1149, 39, 23, 46, 'Tidak', 0.00, 1.00),
(1150, 39, 4, 7, 'Ya', 1.00, 1.00),
(1151, 39, 14, 27, 'Ya', 1.00, 1.00),
(1152, 39, 24, 48, 'Tidak', 0.00, 1.00),
(1153, 39, 5, 9, 'Ya', 1.00, 1.00),
(1154, 39, 15, 30, 'Tidak', 0.00, 1.00),
(1155, 39, 25, 49, 'Ya', 1.00, 1.00),
(1156, 39, 6, 11, 'Ya', 1.00, 1.00),
(1157, 39, 16, 31, 'Ya', 1.00, 1.00),
(1158, 39, 26, 51, 'Ya', 1.00, 1.00),
(1159, 39, 7, 13, 'Ya', 1.00, 1.00),
(1160, 39, 17, 34, 'Tidak', 0.00, 1.00),
(1161, 39, 27, 53, 'Ya', 1.00, 1.00),
(1162, 39, 8, 16, 'Tidak', 0.00, 1.00),
(1163, 39, 18, 36, 'Tidak', 0.00, 1.00),
(1164, 39, 28, 56, 'Tidak', 0.00, 1.00),
(1165, 39, 9, 17, 'Ya', 1.00, 1.00),
(1166, 39, 19, 38, 'Tidak', 0.00, 1.00),
(1167, 39, 29, 57, 'Ya', 1.00, 1.00),
(1168, 39, 10, 19, 'Ya', 1.00, 1.00),
(1169, 39, 20, 39, 'Ya', 1.00, 1.00),
(1170, 39, 30, 59, 'Ya', 1.00, 1.00),
(1171, 40, 1, 1, 'Ya', 1.00, 1.00),
(1172, 40, 11, 22, 'Tidak', 0.00, 1.00),
(1173, 40, 21, 42, 'Tidak', 0.00, 1.00),
(1174, 40, 2, 3, 'Ya', 1.00, 1.00),
(1175, 40, 12, 23, 'Ya', 1.00, 1.00),
(1176, 40, 22, 44, 'Tidak', 0.00, 1.00),
(1177, 40, 3, 6, 'Tidak', 0.00, 1.00),
(1178, 40, 13, 26, 'Tidak', 0.00, 1.00),
(1179, 40, 23, 46, 'Tidak', 0.00, 1.00),
(1180, 40, 4, 7, 'Ya', 1.00, 1.00),
(1181, 40, 14, 27, 'Ya', 1.00, 1.00),
(1182, 40, 24, 48, 'Tidak', 0.00, 1.00),
(1183, 40, 5, 9, 'Ya', 1.00, 1.00),
(1184, 40, 15, 30, 'Tidak', 0.00, 1.00),
(1185, 40, 25, 49, 'Ya', 1.00, 1.00),
(1186, 40, 6, 11, 'Ya', 1.00, 1.00),
(1187, 40, 16, 31, 'Ya', 1.00, 1.00),
(1188, 40, 26, 52, 'Tidak', 0.00, 1.00),
(1189, 40, 7, 14, 'Tidak', 0.00, 1.00),
(1190, 40, 17, 34, 'Tidak', 0.00, 1.00),
(1191, 40, 27, 54, 'Tidak', 0.00, 1.00),
(1192, 40, 8, 16, 'Tidak', 0.00, 1.00),
(1193, 40, 18, 36, 'Tidak', 0.00, 1.00),
(1194, 40, 28, 56, 'Tidak', 0.00, 1.00),
(1195, 40, 9, 17, 'Ya', 1.00, 1.00),
(1196, 40, 19, 38, 'Tidak', 0.00, 1.00),
(1197, 40, 29, 58, 'Tidak', 0.00, 1.00),
(1198, 40, 10, 19, 'Ya', 1.00, 1.00),
(1199, 40, 20, 40, 'Tidak', 0.00, 1.00),
(1200, 40, 30, 60, 'Tidak', 0.00, 1.00),
(1201, 41, 1, 1, 'Ya', 1.00, 1.00),
(1202, 41, 11, 21, 'Ya', 1.00, 1.00),
(1203, 41, 21, 41, 'Ya', 1.00, 1.00),
(1204, 41, 2, 3, 'Ya', 1.00, 1.00),
(1205, 41, 12, 23, 'Ya', 1.00, 1.00),
(1206, 41, 22, 43, 'Ya', 1.00, 1.00),
(1207, 41, 3, 5, 'Ya', 1.00, 1.00),
(1208, 41, 13, 25, 'Ya', 1.00, 1.00),
(1209, 41, 23, 46, 'Tidak', 0.00, 1.00),
(1210, 41, 4, 7, 'Ya', 1.00, 1.00),
(1211, 41, 14, 27, 'Ya', 1.00, 1.00),
(1212, 41, 24, 48, 'Tidak', 0.00, 1.00),
(1213, 41, 5, 10, 'Tidak', 0.00, 1.00),
(1214, 41, 15, 29, 'Ya', 1.00, 1.00),
(1215, 41, 25, 50, 'Tidak', 0.00, 1.00),
(1216, 41, 6, 11, 'Ya', 1.00, 1.00),
(1217, 41, 16, 31, 'Ya', 1.00, 1.00),
(1218, 41, 26, 52, 'Tidak', 0.00, 1.00),
(1219, 41, 7, 14, 'Tidak', 0.00, 1.00),
(1220, 41, 17, 33, 'Ya', 1.00, 1.00),
(1221, 41, 27, 54, 'Tidak', 0.00, 1.00),
(1222, 41, 8, 16, 'Tidak', 0.00, 1.00),
(1223, 41, 18, 35, 'Ya', 1.00, 1.00),
(1224, 41, 28, 56, 'Tidak', 0.00, 1.00),
(1225, 41, 9, 18, 'Tidak', 0.00, 1.00),
(1226, 41, 19, 37, 'Ya', 1.00, 1.00),
(1227, 41, 29, 58, 'Tidak', 0.00, 1.00),
(1228, 41, 10, 20, 'Tidak', 0.00, 1.00),
(1229, 41, 20, 39, 'Ya', 1.00, 1.00),
(1230, 41, 30, 60, 'Tidak', 0.00, 1.00),
(1231, 42, 1, 1, 'Ya', 1.00, 1.00),
(1232, 42, 11, 21, 'Ya', 1.00, 1.00),
(1233, 42, 21, 41, 'Ya', 1.00, 1.00),
(1234, 42, 2, 4, 'Tidak', 0.00, 1.00),
(1235, 42, 12, 23, 'Ya', 1.00, 1.00),
(1236, 42, 22, 43, 'Ya', 1.00, 1.00),
(1237, 42, 3, 5, 'Ya', 1.00, 1.00),
(1238, 42, 13, 26, 'Tidak', 0.00, 1.00),
(1239, 42, 23, 46, 'Tidak', 0.00, 1.00),
(1240, 42, 4, 7, 'Ya', 1.00, 1.00),
(1241, 42, 14, 27, 'Ya', 1.00, 1.00),
(1242, 42, 24, 48, 'Tidak', 0.00, 1.00),
(1243, 42, 5, 10, 'Tidak', 0.00, 1.00),
(1244, 42, 15, 30, 'Tidak', 0.00, 1.00),
(1245, 42, 25, 49, 'Ya', 1.00, 1.00),
(1246, 42, 6, 11, 'Ya', 1.00, 1.00),
(1247, 42, 16, 32, 'Tidak', 0.00, 1.00),
(1248, 42, 26, 51, 'Ya', 1.00, 1.00),
(1249, 42, 7, 14, 'Tidak', 0.00, 1.00),
(1250, 42, 17, 33, 'Ya', 1.00, 1.00),
(1251, 42, 27, 54, 'Tidak', 0.00, 1.00),
(1252, 42, 8, 15, 'Ya', 1.00, 1.00),
(1253, 42, 18, 36, 'Tidak', 0.00, 1.00),
(1254, 42, 28, 55, 'Ya', 1.00, 1.00),
(1255, 42, 9, 17, 'Ya', 1.00, 1.00),
(1256, 42, 19, 37, 'Ya', 1.00, 1.00),
(1257, 42, 29, 58, 'Tidak', 0.00, 1.00),
(1258, 42, 10, 20, 'Tidak', 0.00, 1.00),
(1259, 42, 20, 40, 'Tidak', 0.00, 1.00),
(1260, 42, 30, 59, 'Ya', 1.00, 1.00),
(1261, 43, 1, 1, 'Ya', 1.00, 1.00),
(1262, 43, 11, 21, 'Ya', 1.00, 1.00),
(1263, 43, 21, 41, 'Ya', 1.00, 1.00),
(1264, 43, 2, 3, 'Ya', 1.00, 1.00),
(1265, 43, 12, 23, 'Ya', 1.00, 1.00),
(1266, 43, 22, 43, 'Ya', 1.00, 1.00),
(1267, 43, 3, 5, 'Ya', 1.00, 1.00),
(1268, 43, 13, 26, 'Tidak', 0.00, 1.00),
(1269, 43, 23, 45, 'Ya', 1.00, 1.00),
(1270, 43, 4, 7, 'Ya', 1.00, 1.00),
(1271, 43, 14, 27, 'Ya', 1.00, 1.00),
(1272, 43, 24, 47, 'Ya', 1.00, 1.00),
(1273, 43, 5, 9, 'Ya', 1.00, 1.00),
(1274, 43, 15, 29, 'Ya', 1.00, 1.00),
(1275, 43, 25, 49, 'Ya', 1.00, 1.00),
(1276, 43, 6, 11, 'Ya', 1.00, 1.00),
(1277, 43, 16, 31, 'Ya', 1.00, 1.00),
(1278, 43, 26, 51, 'Ya', 1.00, 1.00),
(1279, 43, 7, 14, 'Tidak', 0.00, 1.00),
(1280, 43, 17, 33, 'Ya', 1.00, 1.00),
(1281, 43, 27, 53, 'Ya', 1.00, 1.00),
(1282, 43, 8, 15, 'Ya', 1.00, 1.00),
(1283, 43, 18, 35, 'Ya', 1.00, 1.00),
(1284, 43, 28, 56, 'Tidak', 0.00, 1.00),
(1285, 43, 9, 17, 'Ya', 1.00, 1.00),
(1286, 43, 19, 38, 'Tidak', 0.00, 1.00),
(1287, 43, 29, 57, 'Ya', 1.00, 1.00),
(1288, 43, 10, 19, 'Ya', 1.00, 1.00),
(1289, 43, 20, 39, 'Ya', 1.00, 1.00),
(1290, 43, 30, 59, 'Ya', 1.00, 1.00),
(1291, 44, 1, 1, 'Ya', 1.00, 1.00),
(1292, 44, 11, 21, 'Ya', 1.00, 1.00),
(1293, 44, 21, 42, 'Tidak', 0.00, 1.00),
(1294, 44, 2, 3, 'Ya', 1.00, 1.00),
(1295, 44, 12, 23, 'Ya', 1.00, 1.00),
(1296, 44, 22, 43, 'Ya', 1.00, 1.00),
(1297, 44, 3, 6, 'Tidak', 0.00, 1.00),
(1298, 44, 13, 25, 'Ya', 1.00, 1.00),
(1299, 44, 23, 45, 'Ya', 1.00, 1.00),
(1300, 44, 4, 7, 'Ya', 1.00, 1.00),
(1301, 44, 14, 28, 'Tidak', 0.00, 1.00),
(1302, 44, 24, 47, 'Ya', 1.00, 1.00),
(1303, 44, 5, 9, 'Ya', 1.00, 1.00),
(1304, 44, 15, 29, 'Ya', 1.00, 1.00),
(1305, 44, 25, 50, 'Tidak', 0.00, 1.00),
(1306, 44, 6, 11, 'Ya', 1.00, 1.00),
(1307, 44, 16, 31, 'Ya', 1.00, 1.00),
(1308, 44, 26, 51, 'Ya', 1.00, 1.00),
(1309, 44, 7, 13, 'Ya', 1.00, 1.00),
(1310, 44, 17, 34, 'Tidak', 0.00, 1.00),
(1311, 44, 27, 53, 'Ya', 1.00, 1.00),
(1312, 44, 8, 16, 'Tidak', 0.00, 1.00),
(1313, 44, 18, 35, 'Ya', 1.00, 1.00),
(1314, 44, 28, 56, 'Tidak', 0.00, 1.00),
(1315, 44, 9, 17, 'Ya', 1.00, 1.00),
(1316, 44, 19, 38, 'Tidak', 0.00, 1.00),
(1317, 44, 29, 58, 'Tidak', 0.00, 1.00),
(1318, 44, 10, 19, 'Ya', 1.00, 1.00),
(1319, 44, 20, 39, 'Ya', 1.00, 1.00),
(1320, 44, 30, 60, 'Tidak', 0.00, 1.00),
(1321, 45, 1, 1, 'Ya', 1.00, 1.00),
(1322, 45, 11, 21, 'Ya', 1.00, 1.00),
(1323, 45, 21, 42, 'Tidak', 0.00, 1.00),
(1324, 45, 2, 4, 'Tidak', 0.00, 1.00),
(1325, 45, 12, 23, 'Ya', 1.00, 1.00),
(1326, 45, 22, 43, 'Ya', 1.00, 1.00),
(1327, 45, 3, 6, 'Tidak', 0.00, 1.00),
(1328, 45, 13, 25, 'Ya', 1.00, 1.00),
(1329, 45, 23, 46, 'Tidak', 0.00, 1.00),
(1330, 45, 4, 8, 'Tidak', 0.00, 1.00),
(1331, 45, 14, 28, 'Tidak', 0.00, 1.00),
(1332, 45, 24, 48, 'Tidak', 0.00, 1.00),
(1333, 45, 5, 10, 'Tidak', 0.00, 1.00),
(1334, 45, 15, 29, 'Ya', 1.00, 1.00),
(1335, 45, 25, 50, 'Tidak', 0.00, 1.00),
(1336, 45, 6, 12, 'Tidak', 0.00, 1.00),
(1337, 45, 16, 31, 'Ya', 1.00, 1.00),
(1338, 45, 26, 52, 'Tidak', 0.00, 1.00),
(1339, 45, 7, 14, 'Tidak', 0.00, 1.00),
(1340, 45, 17, 33, 'Ya', 1.00, 1.00),
(1341, 45, 27, 54, 'Tidak', 0.00, 1.00),
(1342, 45, 8, 16, 'Tidak', 0.00, 1.00),
(1343, 45, 18, 36, 'Tidak', 0.00, 1.00),
(1344, 45, 28, 56, 'Tidak', 0.00, 1.00),
(1345, 45, 9, 18, 'Tidak', 0.00, 1.00),
(1346, 45, 19, 38, 'Tidak', 0.00, 1.00),
(1347, 45, 29, 58, 'Tidak', 0.00, 1.00),
(1348, 45, 10, 20, 'Tidak', 0.00, 1.00),
(1349, 45, 20, 40, 'Tidak', 0.00, 1.00),
(1350, 45, 30, 60, 'Tidak', 0.00, 1.00),
(1351, 46, 1, 2, 'Tidak', 0.00, 1.00),
(1352, 46, 11, 21, 'Ya', 1.00, 1.00),
(1353, 46, 21, 41, 'Ya', 1.00, 1.00),
(1354, 46, 2, 3, 'Ya', 1.00, 1.00),
(1355, 46, 12, 23, 'Ya', 1.00, 1.00),
(1356, 46, 22, 43, 'Ya', 1.00, 1.00),
(1357, 46, 3, 6, 'Tidak', 0.00, 1.00),
(1358, 46, 13, 26, 'Tidak', 0.00, 1.00),
(1359, 46, 23, 45, 'Ya', 1.00, 1.00),
(1360, 46, 4, 8, 'Tidak', 0.00, 1.00),
(1361, 46, 14, 28, 'Tidak', 0.00, 1.00),
(1362, 46, 24, 47, 'Ya', 1.00, 1.00),
(1363, 46, 5, 9, 'Ya', 1.00, 1.00),
(1364, 46, 15, 30, 'Tidak', 0.00, 1.00),
(1365, 46, 25, 49, 'Ya', 1.00, 1.00),
(1366, 46, 6, 12, 'Tidak', 0.00, 1.00),
(1367, 46, 16, 32, 'Tidak', 0.00, 1.00),
(1368, 46, 26, 51, 'Ya', 1.00, 1.00),
(1369, 46, 7, 14, 'Tidak', 0.00, 1.00),
(1370, 46, 17, 34, 'Tidak', 0.00, 1.00),
(1371, 46, 27, 53, 'Ya', 1.00, 1.00),
(1372, 46, 8, 16, 'Tidak', 0.00, 1.00),
(1373, 46, 18, 36, 'Tidak', 0.00, 1.00),
(1374, 46, 28, 55, 'Ya', 1.00, 1.00),
(1375, 46, 9, 18, 'Tidak', 0.00, 1.00),
(1376, 46, 19, 38, 'Tidak', 0.00, 1.00),
(1377, 46, 29, 57, 'Ya', 1.00, 1.00),
(1378, 46, 10, 20, 'Tidak', 0.00, 1.00),
(1379, 46, 20, 40, 'Tidak', 0.00, 1.00),
(1380, 46, 30, 59, 'Ya', 1.00, 1.00),
(1381, 47, 1, 2, 'Tidak', 0.00, 1.00),
(1382, 47, 11, 21, 'Ya', 1.00, 1.00),
(1383, 47, 21, 41, 'Ya', 1.00, 1.00),
(1384, 47, 2, 4, 'Tidak', 0.00, 1.00),
(1385, 47, 12, 23, 'Ya', 1.00, 1.00),
(1386, 47, 22, 43, 'Ya', 1.00, 1.00),
(1387, 47, 3, 5, 'Ya', 1.00, 1.00),
(1388, 47, 13, 25, 'Ya', 1.00, 1.00);
INSERT INTO `assessment_answers` (`id`, `submission_id`, `question_id`, `question_option_id`, `answer`, `score_value`, `max_score_value`) VALUES
(1389, 47, 23, 45, 'Ya', 1.00, 1.00),
(1390, 47, 4, 8, 'Tidak', 0.00, 1.00),
(1391, 47, 14, 27, 'Ya', 1.00, 1.00),
(1392, 47, 24, 47, 'Ya', 1.00, 1.00),
(1393, 47, 5, 10, 'Tidak', 0.00, 1.00),
(1394, 47, 15, 29, 'Ya', 1.00, 1.00),
(1395, 47, 25, 49, 'Ya', 1.00, 1.00),
(1396, 47, 6, 11, 'Ya', 1.00, 1.00),
(1397, 47, 16, 32, 'Tidak', 0.00, 1.00),
(1398, 47, 26, 52, 'Tidak', 0.00, 1.00),
(1399, 47, 7, 14, 'Tidak', 0.00, 1.00),
(1400, 47, 17, 33, 'Ya', 1.00, 1.00),
(1401, 47, 27, 54, 'Tidak', 0.00, 1.00),
(1402, 47, 8, 16, 'Tidak', 0.00, 1.00),
(1403, 47, 18, 35, 'Ya', 1.00, 1.00),
(1404, 47, 28, 56, 'Tidak', 0.00, 1.00),
(1405, 47, 9, 18, 'Tidak', 0.00, 1.00),
(1406, 47, 19, 38, 'Tidak', 0.00, 1.00),
(1407, 47, 29, 58, 'Tidak', 0.00, 1.00),
(1408, 47, 10, 20, 'Tidak', 0.00, 1.00),
(1409, 47, 20, 39, 'Ya', 1.00, 1.00),
(1410, 47, 30, 59, 'Ya', 1.00, 1.00),
(1411, 48, 1, 1, 'Ya', 1.00, 1.00),
(1412, 48, 11, 22, 'Tidak', 0.00, 1.00),
(1413, 48, 21, 42, 'Tidak', 0.00, 1.00),
(1414, 48, 2, 3, 'Ya', 1.00, 1.00),
(1415, 48, 12, 23, 'Ya', 1.00, 1.00),
(1416, 48, 22, 44, 'Tidak', 0.00, 1.00),
(1417, 48, 3, 5, 'Ya', 1.00, 1.00),
(1418, 48, 13, 25, 'Ya', 1.00, 1.00),
(1419, 48, 23, 46, 'Tidak', 0.00, 1.00),
(1420, 48, 4, 7, 'Ya', 1.00, 1.00),
(1421, 48, 14, 28, 'Tidak', 0.00, 1.00),
(1422, 48, 24, 48, 'Tidak', 0.00, 1.00),
(1423, 48, 5, 9, 'Ya', 1.00, 1.00),
(1424, 48, 15, 29, 'Ya', 1.00, 1.00),
(1425, 48, 25, 50, 'Tidak', 0.00, 1.00),
(1426, 48, 6, 11, 'Ya', 1.00, 1.00),
(1427, 48, 16, 32, 'Tidak', 0.00, 1.00),
(1428, 48, 26, 51, 'Ya', 1.00, 1.00),
(1429, 48, 7, 13, 'Ya', 1.00, 1.00),
(1430, 48, 17, 33, 'Ya', 1.00, 1.00),
(1431, 48, 27, 54, 'Tidak', 0.00, 1.00),
(1432, 48, 8, 15, 'Ya', 1.00, 1.00),
(1433, 48, 18, 36, 'Tidak', 0.00, 1.00),
(1434, 48, 28, 56, 'Tidak', 0.00, 1.00),
(1435, 48, 9, 17, 'Ya', 1.00, 1.00),
(1436, 48, 19, 38, 'Tidak', 0.00, 1.00),
(1437, 48, 29, 57, 'Ya', 1.00, 1.00),
(1438, 48, 10, 19, 'Ya', 1.00, 1.00),
(1439, 48, 20, 40, 'Tidak', 0.00, 1.00),
(1440, 48, 30, 60, 'Tidak', 0.00, 1.00),
(1441, 49, 1, 1, 'Ya', 1.00, 1.00),
(1442, 49, 11, 21, 'Ya', 1.00, 1.00),
(1443, 49, 21, 41, 'Ya', 1.00, 1.00),
(1444, 49, 2, 4, 'Tidak', 0.00, 1.00),
(1445, 49, 12, 24, 'Tidak', 0.00, 1.00),
(1446, 49, 22, 43, 'Ya', 1.00, 1.00),
(1447, 49, 3, 5, 'Ya', 1.00, 1.00),
(1448, 49, 13, 25, 'Ya', 1.00, 1.00),
(1449, 49, 23, 45, 'Ya', 1.00, 1.00),
(1450, 49, 4, 7, 'Ya', 1.00, 1.00),
(1451, 49, 14, 28, 'Tidak', 0.00, 1.00),
(1452, 49, 24, 47, 'Ya', 1.00, 1.00),
(1453, 49, 5, 10, 'Tidak', 0.00, 1.00),
(1454, 49, 15, 29, 'Ya', 1.00, 1.00),
(1455, 49, 25, 49, 'Ya', 1.00, 1.00),
(1456, 49, 6, 11, 'Ya', 1.00, 1.00),
(1457, 49, 16, 32, 'Tidak', 0.00, 1.00),
(1458, 49, 26, 51, 'Ya', 1.00, 1.00),
(1459, 49, 7, 13, 'Ya', 1.00, 1.00),
(1460, 49, 17, 33, 'Ya', 1.00, 1.00),
(1461, 49, 27, 53, 'Ya', 1.00, 1.00),
(1462, 49, 8, 15, 'Ya', 1.00, 1.00),
(1463, 49, 18, 35, 'Ya', 1.00, 1.00),
(1464, 49, 28, 55, 'Ya', 1.00, 1.00),
(1465, 49, 9, 17, 'Ya', 1.00, 1.00),
(1466, 49, 19, 37, 'Ya', 1.00, 1.00),
(1467, 49, 29, 57, 'Ya', 1.00, 1.00),
(1468, 49, 10, 19, 'Ya', 1.00, 1.00),
(1469, 49, 20, 40, 'Tidak', 0.00, 1.00),
(1470, 49, 30, 59, 'Ya', 1.00, 1.00),
(1471, 50, 1, 1, 'Ya', 1.00, 1.00),
(1472, 50, 11, 22, 'Tidak', 0.00, 1.00),
(1473, 50, 21, 41, 'Ya', 1.00, 1.00),
(1474, 50, 2, 4, 'Tidak', 0.00, 1.00),
(1475, 50, 12, 23, 'Ya', 1.00, 1.00),
(1476, 50, 22, 43, 'Ya', 1.00, 1.00),
(1477, 50, 3, 5, 'Ya', 1.00, 1.00),
(1478, 50, 13, 25, 'Ya', 1.00, 1.00),
(1479, 50, 23, 45, 'Ya', 1.00, 1.00),
(1480, 50, 4, 8, 'Tidak', 0.00, 1.00),
(1481, 50, 14, 28, 'Tidak', 0.00, 1.00),
(1482, 50, 24, 48, 'Tidak', 0.00, 1.00),
(1483, 50, 5, 10, 'Tidak', 0.00, 1.00),
(1484, 50, 15, 29, 'Ya', 1.00, 1.00),
(1485, 50, 25, 50, 'Tidak', 0.00, 1.00),
(1486, 50, 6, 12, 'Tidak', 0.00, 1.00),
(1487, 50, 16, 32, 'Tidak', 0.00, 1.00),
(1488, 50, 26, 51, 'Ya', 1.00, 1.00),
(1489, 50, 7, 14, 'Tidak', 0.00, 1.00),
(1490, 50, 17, 33, 'Ya', 1.00, 1.00),
(1491, 50, 27, 54, 'Tidak', 0.00, 1.00),
(1492, 50, 8, 16, 'Tidak', 0.00, 1.00),
(1493, 50, 18, 36, 'Tidak', 0.00, 1.00),
(1494, 50, 28, 56, 'Tidak', 0.00, 1.00),
(1495, 50, 9, 18, 'Tidak', 0.00, 1.00),
(1496, 50, 19, 38, 'Tidak', 0.00, 1.00),
(1497, 50, 29, 58, 'Tidak', 0.00, 1.00),
(1498, 50, 10, 20, 'Tidak', 0.00, 1.00),
(1499, 50, 20, 39, 'Ya', 1.00, 1.00),
(1500, 50, 30, 60, 'Tidak', 0.00, 1.00),
(1501, 51, 1, 2, 'Tidak', 0.00, 1.00),
(1502, 51, 11, 21, 'Ya', 1.00, 1.00),
(1503, 51, 21, 41, 'Ya', 1.00, 1.00),
(1504, 51, 2, 4, 'Tidak', 0.00, 1.00),
(1505, 51, 12, 24, 'Tidak', 0.00, 1.00),
(1506, 51, 22, 43, 'Ya', 1.00, 1.00),
(1507, 51, 3, 5, 'Ya', 1.00, 1.00),
(1508, 51, 13, 25, 'Ya', 1.00, 1.00),
(1509, 51, 23, 45, 'Ya', 1.00, 1.00),
(1510, 51, 4, 8, 'Tidak', 0.00, 1.00),
(1511, 51, 14, 28, 'Tidak', 0.00, 1.00),
(1512, 51, 24, 47, 'Ya', 1.00, 1.00),
(1513, 51, 5, 10, 'Tidak', 0.00, 1.00),
(1514, 51, 15, 29, 'Ya', 1.00, 1.00),
(1515, 51, 25, 49, 'Ya', 1.00, 1.00),
(1516, 51, 6, 12, 'Tidak', 0.00, 1.00),
(1517, 51, 16, 32, 'Tidak', 0.00, 1.00),
(1518, 51, 26, 51, 'Ya', 1.00, 1.00),
(1519, 51, 7, 14, 'Tidak', 0.00, 1.00),
(1520, 51, 17, 34, 'Tidak', 0.00, 1.00),
(1521, 51, 27, 53, 'Ya', 1.00, 1.00),
(1522, 51, 8, 16, 'Tidak', 0.00, 1.00),
(1523, 51, 18, 36, 'Tidak', 0.00, 1.00),
(1524, 51, 28, 56, 'Tidak', 0.00, 1.00),
(1525, 51, 9, 18, 'Tidak', 0.00, 1.00),
(1526, 51, 19, 38, 'Tidak', 0.00, 1.00),
(1527, 51, 29, 58, 'Tidak', 0.00, 1.00),
(1528, 51, 10, 20, 'Tidak', 0.00, 1.00),
(1529, 51, 20, 40, 'Tidak', 0.00, 1.00),
(1530, 51, 30, 59, 'Ya', 1.00, 1.00),
(1531, 52, 1, 2, 'Tidak', 0.00, 1.00),
(1532, 52, 11, 21, 'Ya', 1.00, 1.00),
(1533, 52, 21, 41, 'Ya', 1.00, 1.00),
(1534, 52, 2, 4, 'Tidak', 0.00, 1.00),
(1535, 52, 12, 24, 'Tidak', 0.00, 1.00),
(1536, 52, 22, 43, 'Ya', 1.00, 1.00),
(1537, 52, 3, 6, 'Tidak', 0.00, 1.00),
(1538, 52, 13, 25, 'Ya', 1.00, 1.00),
(1539, 52, 23, 45, 'Ya', 1.00, 1.00),
(1540, 52, 4, 8, 'Tidak', 0.00, 1.00),
(1541, 52, 14, 28, 'Tidak', 0.00, 1.00),
(1542, 52, 24, 47, 'Ya', 1.00, 1.00),
(1543, 52, 5, 10, 'Tidak', 0.00, 1.00),
(1544, 52, 15, 29, 'Ya', 1.00, 1.00),
(1545, 52, 25, 49, 'Ya', 1.00, 1.00),
(1546, 52, 6, 12, 'Tidak', 0.00, 1.00),
(1547, 52, 16, 32, 'Tidak', 0.00, 1.00),
(1548, 52, 26, 51, 'Ya', 1.00, 1.00),
(1549, 52, 7, 14, 'Tidak', 0.00, 1.00),
(1550, 52, 17, 34, 'Tidak', 0.00, 1.00),
(1551, 52, 27, 53, 'Ya', 1.00, 1.00),
(1552, 52, 8, 16, 'Tidak', 0.00, 1.00),
(1553, 52, 18, 36, 'Tidak', 0.00, 1.00),
(1554, 52, 28, 56, 'Tidak', 0.00, 1.00),
(1555, 52, 9, 18, 'Tidak', 0.00, 1.00),
(1556, 52, 19, 38, 'Tidak', 0.00, 1.00),
(1557, 52, 29, 58, 'Tidak', 0.00, 1.00),
(1558, 52, 10, 20, 'Tidak', 0.00, 1.00),
(1559, 52, 20, 40, 'Tidak', 0.00, 1.00),
(1560, 52, 30, 59, 'Ya', 1.00, 1.00),
(1561, 53, 1, 2, 'Tidak', 0.00, 1.00),
(1562, 53, 11, 21, 'Ya', 1.00, 1.00),
(1563, 53, 21, 41, 'Ya', 1.00, 1.00),
(1564, 53, 2, 4, 'Tidak', 0.00, 1.00),
(1565, 53, 12, 23, 'Ya', 1.00, 1.00),
(1566, 53, 22, 43, 'Ya', 1.00, 1.00),
(1567, 53, 3, 6, 'Tidak', 0.00, 1.00),
(1568, 53, 13, 25, 'Ya', 1.00, 1.00),
(1569, 53, 23, 45, 'Ya', 1.00, 1.00),
(1570, 53, 4, 8, 'Tidak', 0.00, 1.00),
(1571, 53, 14, 28, 'Tidak', 0.00, 1.00),
(1572, 53, 24, 47, 'Ya', 1.00, 1.00),
(1573, 53, 5, 10, 'Tidak', 0.00, 1.00),
(1574, 53, 15, 29, 'Ya', 1.00, 1.00),
(1575, 53, 25, 49, 'Ya', 1.00, 1.00),
(1576, 53, 6, 12, 'Tidak', 0.00, 1.00),
(1577, 53, 16, 32, 'Tidak', 0.00, 1.00),
(1578, 53, 26, 51, 'Ya', 1.00, 1.00),
(1579, 53, 7, 14, 'Tidak', 0.00, 1.00),
(1580, 53, 17, 34, 'Tidak', 0.00, 1.00),
(1581, 53, 27, 54, 'Tidak', 0.00, 1.00),
(1582, 53, 8, 16, 'Tidak', 0.00, 1.00),
(1583, 53, 18, 35, 'Ya', 1.00, 1.00),
(1584, 53, 28, 56, 'Tidak', 0.00, 1.00),
(1585, 53, 9, 18, 'Tidak', 0.00, 1.00),
(1586, 53, 19, 38, 'Tidak', 0.00, 1.00),
(1587, 53, 29, 58, 'Tidak', 0.00, 1.00),
(1588, 53, 10, 20, 'Tidak', 0.00, 1.00),
(1589, 53, 20, 40, 'Tidak', 0.00, 1.00),
(1590, 53, 30, 59, 'Ya', 1.00, 1.00),
(1591, 54, 1, 2, 'Tidak', 0.00, 1.00),
(1592, 54, 11, 21, 'Ya', 1.00, 1.00),
(1593, 54, 21, 41, 'Ya', 1.00, 1.00),
(1594, 54, 2, 4, 'Tidak', 0.00, 1.00),
(1595, 54, 12, 24, 'Tidak', 0.00, 1.00),
(1596, 54, 22, 43, 'Ya', 1.00, 1.00),
(1597, 54, 3, 6, 'Tidak', 0.00, 1.00),
(1598, 54, 13, 25, 'Ya', 1.00, 1.00),
(1599, 54, 23, 45, 'Ya', 1.00, 1.00),
(1600, 54, 4, 8, 'Tidak', 0.00, 1.00),
(1601, 54, 14, 28, 'Tidak', 0.00, 1.00),
(1602, 54, 24, 47, 'Ya', 1.00, 1.00),
(1603, 54, 5, 10, 'Tidak', 0.00, 1.00),
(1604, 54, 15, 30, 'Tidak', 0.00, 1.00),
(1605, 54, 25, 49, 'Ya', 1.00, 1.00),
(1606, 54, 6, 12, 'Tidak', 0.00, 1.00),
(1607, 54, 16, 32, 'Tidak', 0.00, 1.00),
(1608, 54, 26, 52, 'Tidak', 0.00, 1.00),
(1609, 54, 7, 14, 'Tidak', 0.00, 1.00),
(1610, 54, 17, 34, 'Tidak', 0.00, 1.00),
(1611, 54, 27, 54, 'Tidak', 0.00, 1.00),
(1612, 54, 8, 16, 'Tidak', 0.00, 1.00),
(1613, 54, 18, 36, 'Tidak', 0.00, 1.00),
(1614, 54, 28, 56, 'Tidak', 0.00, 1.00),
(1615, 54, 9, 18, 'Tidak', 0.00, 1.00),
(1616, 54, 19, 38, 'Tidak', 0.00, 1.00),
(1617, 54, 29, 58, 'Tidak', 0.00, 1.00),
(1618, 54, 10, 20, 'Tidak', 0.00, 1.00),
(1619, 54, 20, 40, 'Tidak', 0.00, 1.00),
(1620, 54, 30, 59, 'Ya', 1.00, 1.00),
(1621, 55, 1, 2, 'Tidak', 0.00, 1.00),
(1622, 55, 11, 21, 'Ya', 1.00, 1.00),
(1623, 55, 21, 41, 'Ya', 1.00, 1.00),
(1624, 55, 2, 4, 'Tidak', 0.00, 1.00),
(1625, 55, 12, 23, 'Ya', 1.00, 1.00),
(1626, 55, 22, 44, 'Tidak', 0.00, 1.00),
(1627, 55, 3, 5, 'Ya', 1.00, 1.00),
(1628, 55, 13, 25, 'Ya', 1.00, 1.00),
(1629, 55, 23, 45, 'Ya', 1.00, 1.00),
(1630, 55, 4, 8, 'Tidak', 0.00, 1.00),
(1631, 55, 14, 28, 'Tidak', 0.00, 1.00),
(1632, 55, 24, 48, 'Tidak', 0.00, 1.00),
(1633, 55, 5, 10, 'Tidak', 0.00, 1.00),
(1634, 55, 15, 29, 'Ya', 1.00, 1.00),
(1635, 55, 25, 49, 'Ya', 1.00, 1.00),
(1636, 55, 6, 12, 'Tidak', 0.00, 1.00),
(1637, 55, 16, 32, 'Tidak', 0.00, 1.00),
(1638, 55, 26, 51, 'Ya', 1.00, 1.00),
(1639, 55, 7, 14, 'Tidak', 0.00, 1.00),
(1640, 55, 17, 33, 'Ya', 1.00, 1.00),
(1641, 55, 27, 54, 'Tidak', 0.00, 1.00),
(1642, 55, 8, 16, 'Tidak', 0.00, 1.00),
(1643, 55, 18, 35, 'Ya', 1.00, 1.00),
(1644, 55, 28, 56, 'Tidak', 0.00, 1.00),
(1645, 55, 9, 18, 'Tidak', 0.00, 1.00),
(1646, 55, 19, 37, 'Ya', 1.00, 1.00),
(1647, 55, 29, 58, 'Tidak', 0.00, 1.00),
(1648, 55, 10, 20, 'Tidak', 0.00, 1.00),
(1649, 55, 20, 40, 'Tidak', 0.00, 1.00),
(1650, 55, 30, 59, 'Ya', 1.00, 1.00),
(1651, 56, 1, 1, 'Ya', 1.00, 1.00),
(1652, 56, 11, 22, 'Tidak', 0.00, 1.00),
(1653, 56, 21, 41, 'Ya', 1.00, 1.00),
(1654, 56, 2, 3, 'Ya', 1.00, 1.00),
(1655, 56, 12, 23, 'Ya', 1.00, 1.00),
(1656, 56, 22, 43, 'Ya', 1.00, 1.00),
(1657, 56, 3, 6, 'Tidak', 0.00, 1.00),
(1658, 56, 13, 25, 'Ya', 1.00, 1.00),
(1659, 56, 23, 45, 'Ya', 1.00, 1.00),
(1660, 56, 4, 8, 'Tidak', 0.00, 1.00),
(1661, 56, 14, 28, 'Tidak', 0.00, 1.00),
(1662, 56, 24, 48, 'Tidak', 0.00, 1.00),
(1663, 56, 5, 9, 'Ya', 1.00, 1.00),
(1664, 56, 15, 30, 'Tidak', 0.00, 1.00),
(1665, 56, 25, 49, 'Ya', 1.00, 1.00),
(1666, 56, 6, 12, 'Tidak', 0.00, 1.00),
(1667, 56, 16, 32, 'Tidak', 0.00, 1.00),
(1668, 56, 26, 52, 'Tidak', 0.00, 1.00),
(1669, 56, 7, 13, 'Ya', 1.00, 1.00),
(1670, 56, 17, 33, 'Ya', 1.00, 1.00),
(1671, 56, 27, 54, 'Tidak', 0.00, 1.00),
(1672, 56, 8, 15, 'Ya', 1.00, 1.00),
(1673, 56, 18, 35, 'Ya', 1.00, 1.00),
(1674, 56, 28, 56, 'Tidak', 0.00, 1.00),
(1675, 56, 9, 18, 'Tidak', 0.00, 1.00),
(1676, 56, 19, 38, 'Tidak', 0.00, 1.00),
(1677, 56, 29, 58, 'Tidak', 0.00, 1.00),
(1678, 56, 10, 20, 'Tidak', 0.00, 1.00),
(1679, 56, 20, 40, 'Tidak', 0.00, 1.00),
(1680, 56, 30, 59, 'Ya', 1.00, 1.00),
(1681, 57, 1, 1, 'Ya', 1.00, 1.00),
(1682, 57, 11, 21, 'Ya', 1.00, 1.00),
(1683, 57, 21, 41, 'Ya', 1.00, 1.00),
(1684, 57, 2, 3, 'Ya', 1.00, 1.00),
(1685, 57, 12, 23, 'Ya', 1.00, 1.00),
(1686, 57, 22, 43, 'Ya', 1.00, 1.00),
(1687, 57, 3, 5, 'Ya', 1.00, 1.00),
(1688, 57, 13, 25, 'Ya', 1.00, 1.00),
(1689, 57, 23, 45, 'Ya', 1.00, 1.00),
(1690, 57, 4, 7, 'Ya', 1.00, 1.00),
(1691, 57, 14, 28, 'Tidak', 0.00, 1.00),
(1692, 57, 24, 48, 'Tidak', 0.00, 1.00),
(1693, 57, 5, 9, 'Ya', 1.00, 1.00),
(1694, 57, 15, 29, 'Ya', 1.00, 1.00),
(1695, 57, 25, 49, 'Ya', 1.00, 1.00),
(1696, 57, 6, 12, 'Tidak', 0.00, 1.00),
(1697, 57, 16, 32, 'Tidak', 0.00, 1.00),
(1698, 57, 26, 51, 'Ya', 1.00, 1.00),
(1699, 57, 7, 14, 'Tidak', 0.00, 1.00),
(1700, 57, 17, 33, 'Ya', 1.00, 1.00),
(1701, 57, 27, 54, 'Tidak', 0.00, 1.00),
(1702, 57, 8, 15, 'Ya', 1.00, 1.00),
(1703, 57, 18, 36, 'Tidak', 0.00, 1.00),
(1704, 57, 28, 55, 'Ya', 1.00, 1.00),
(1705, 57, 9, 17, 'Ya', 1.00, 1.00),
(1706, 57, 19, 38, 'Tidak', 0.00, 1.00),
(1707, 57, 29, 58, 'Tidak', 0.00, 1.00),
(1708, 57, 10, 20, 'Tidak', 0.00, 1.00),
(1709, 57, 20, 40, 'Tidak', 0.00, 1.00),
(1710, 57, 30, 59, 'Ya', 1.00, 1.00),
(1711, 58, 1, 1, 'Ya', 1.00, 1.00),
(1712, 58, 11, 21, 'Ya', 1.00, 1.00),
(1713, 58, 21, 41, 'Ya', 1.00, 1.00),
(1714, 58, 2, 4, 'Tidak', 0.00, 1.00),
(1715, 58, 12, 24, 'Tidak', 0.00, 1.00),
(1716, 58, 22, 43, 'Ya', 1.00, 1.00),
(1717, 58, 3, 5, 'Ya', 1.00, 1.00),
(1718, 58, 13, 25, 'Ya', 1.00, 1.00),
(1719, 58, 23, 45, 'Ya', 1.00, 1.00),
(1720, 58, 4, 8, 'Tidak', 0.00, 1.00),
(1721, 58, 14, 27, 'Ya', 1.00, 1.00),
(1722, 58, 24, 47, 'Ya', 1.00, 1.00),
(1723, 58, 5, 10, 'Tidak', 0.00, 1.00),
(1724, 58, 15, 29, 'Ya', 1.00, 1.00),
(1725, 58, 25, 49, 'Ya', 1.00, 1.00),
(1726, 58, 6, 12, 'Tidak', 0.00, 1.00),
(1727, 58, 16, 32, 'Tidak', 0.00, 1.00),
(1728, 58, 26, 51, 'Ya', 1.00, 1.00),
(1729, 58, 7, 14, 'Tidak', 0.00, 1.00),
(1730, 58, 17, 33, 'Ya', 1.00, 1.00),
(1731, 58, 27, 54, 'Tidak', 0.00, 1.00),
(1732, 58, 8, 15, 'Ya', 1.00, 1.00),
(1733, 58, 18, 35, 'Ya', 1.00, 1.00),
(1734, 58, 28, 56, 'Tidak', 0.00, 1.00),
(1735, 58, 9, 18, 'Tidak', 0.00, 1.00),
(1736, 58, 19, 38, 'Tidak', 0.00, 1.00),
(1737, 58, 29, 57, 'Ya', 1.00, 1.00),
(1738, 58, 10, 20, 'Tidak', 0.00, 1.00),
(1739, 58, 20, 40, 'Tidak', 0.00, 1.00),
(1740, 58, 30, 59, 'Ya', 1.00, 1.00),
(1741, 59, 1, 1, 'Ya', 1.00, 1.00),
(1742, 59, 11, 21, 'Ya', 1.00, 1.00),
(1743, 60, 1, 1, 'Ya', 1.00, 1.00),
(1744, 59, 21, 42, 'Tidak', 0.00, 1.00),
(1745, 60, 11, 21, 'Ya', 1.00, 1.00),
(1746, 59, 2, 4, 'Tidak', 0.00, 1.00),
(1747, 60, 21, 42, 'Tidak', 0.00, 1.00),
(1748, 59, 12, 23, 'Ya', 1.00, 1.00),
(1749, 60, 2, 4, 'Tidak', 0.00, 1.00),
(1750, 59, 22, 44, 'Tidak', 0.00, 1.00),
(1751, 60, 12, 23, 'Ya', 1.00, 1.00),
(1752, 59, 3, 5, 'Ya', 1.00, 1.00),
(1753, 60, 22, 44, 'Tidak', 0.00, 1.00),
(1754, 60, 3, 5, 'Ya', 1.00, 1.00),
(1755, 59, 13, 25, 'Ya', 1.00, 1.00),
(1756, 60, 13, 25, 'Ya', 1.00, 1.00),
(1757, 59, 23, 46, 'Tidak', 0.00, 1.00),
(1758, 60, 23, 46, 'Tidak', 0.00, 1.00),
(1759, 59, 4, 8, 'Tidak', 0.00, 1.00),
(1760, 60, 4, 7, 'Ya', 1.00, 1.00),
(1761, 60, 14, 28, 'Tidak', 0.00, 1.00),
(1762, 59, 14, 28, 'Tidak', 0.00, 1.00),
(1763, 60, 24, 48, 'Tidak', 0.00, 1.00),
(1764, 59, 24, 48, 'Tidak', 0.00, 1.00),
(1765, 60, 5, 10, 'Tidak', 0.00, 1.00),
(1766, 59, 5, 10, 'Tidak', 0.00, 1.00),
(1767, 60, 15, 29, 'Ya', 1.00, 1.00),
(1768, 59, 15, 29, 'Ya', 1.00, 1.00),
(1769, 60, 25, 49, 'Ya', 1.00, 1.00),
(1770, 60, 6, 12, 'Tidak', 0.00, 1.00),
(1771, 59, 25, 50, 'Tidak', 0.00, 1.00),
(1772, 60, 16, 31, 'Ya', 1.00, 1.00),
(1773, 59, 6, 12, 'Tidak', 0.00, 1.00),
(1774, 60, 26, 51, 'Ya', 1.00, 1.00),
(1775, 59, 16, 31, 'Ya', 1.00, 1.00),
(1776, 60, 7, 14, 'Tidak', 0.00, 1.00),
(1777, 59, 26, 51, 'Ya', 1.00, 1.00),
(1778, 60, 17, 33, 'Ya', 1.00, 1.00),
(1779, 59, 7, 13, 'Ya', 1.00, 1.00),
(1780, 60, 27, 54, 'Tidak', 0.00, 1.00),
(1781, 60, 8, 15, 'Ya', 1.00, 1.00),
(1782, 59, 17, 33, 'Ya', 1.00, 1.00),
(1783, 60, 18, 35, 'Ya', 1.00, 1.00),
(1784, 59, 27, 54, 'Tidak', 0.00, 1.00),
(1785, 60, 28, 56, 'Tidak', 0.00, 1.00),
(1786, 60, 9, 17, 'Ya', 1.00, 1.00),
(1787, 59, 8, 16, 'Tidak', 0.00, 1.00),
(1788, 60, 19, 37, 'Ya', 1.00, 1.00),
(1789, 59, 18, 35, 'Ya', 1.00, 1.00),
(1790, 60, 29, 58, 'Tidak', 0.00, 1.00),
(1791, 59, 28, 56, 'Tidak', 0.00, 1.00),
(1792, 60, 10, 20, 'Tidak', 0.00, 1.00),
(1793, 59, 9, 18, 'Tidak', 0.00, 1.00),
(1794, 60, 20, 39, 'Ya', 1.00, 1.00),
(1795, 59, 19, 37, 'Ya', 1.00, 1.00),
(1796, 60, 30, 60, 'Tidak', 0.00, 1.00),
(1797, 59, 29, 58, 'Tidak', 0.00, 1.00),
(1798, 59, 10, 19, 'Ya', 1.00, 1.00),
(1799, 59, 20, 39, 'Ya', 1.00, 1.00),
(1800, 59, 30, 60, 'Tidak', 0.00, 1.00),
(1801, 61, 1, 2, 'Tidak', 0.00, 1.00),
(1802, 61, 11, 21, 'Ya', 1.00, 1.00),
(1803, 61, 21, 41, 'Ya', 1.00, 1.00),
(1804, 61, 2, 4, 'Tidak', 0.00, 1.00),
(1805, 61, 12, 23, 'Ya', 1.00, 1.00),
(1806, 61, 22, 44, 'Tidak', 0.00, 1.00),
(1807, 61, 3, 5, 'Ya', 1.00, 1.00),
(1808, 61, 13, 25, 'Ya', 1.00, 1.00),
(1809, 61, 23, 46, 'Tidak', 0.00, 1.00),
(1810, 61, 4, 8, 'Tidak', 0.00, 1.00),
(1811, 61, 14, 27, 'Ya', 1.00, 1.00),
(1812, 61, 24, 48, 'Tidak', 0.00, 1.00),
(1813, 61, 5, 10, 'Tidak', 0.00, 1.00),
(1814, 61, 15, 29, 'Ya', 1.00, 1.00),
(1815, 61, 25, 50, 'Tidak', 0.00, 1.00),
(1816, 61, 6, 12, 'Tidak', 0.00, 1.00),
(1817, 61, 16, 31, 'Ya', 1.00, 1.00),
(1818, 61, 26, 51, 'Ya', 1.00, 1.00),
(1819, 61, 7, 14, 'Tidak', 0.00, 1.00),
(1820, 61, 17, 33, 'Ya', 1.00, 1.00),
(1821, 61, 27, 54, 'Tidak', 0.00, 1.00),
(1822, 61, 8, 16, 'Tidak', 0.00, 1.00),
(1823, 61, 18, 35, 'Ya', 1.00, 1.00),
(1824, 61, 28, 56, 'Tidak', 0.00, 1.00),
(1825, 61, 9, 18, 'Tidak', 0.00, 1.00),
(1826, 61, 19, 37, 'Ya', 1.00, 1.00),
(1827, 61, 29, 58, 'Tidak', 0.00, 1.00),
(1828, 61, 10, 20, 'Tidak', 0.00, 1.00),
(1829, 61, 20, 39, 'Ya', 1.00, 1.00),
(1830, 61, 30, 60, 'Tidak', 0.00, 1.00),
(1831, 62, 1, 1, 'Ya', 1.00, 1.00),
(1832, 62, 11, 21, 'Ya', 1.00, 1.00),
(1833, 62, 21, 41, 'Ya', 1.00, 1.00),
(1834, 62, 2, 3, 'Ya', 1.00, 1.00),
(1835, 62, 12, 23, 'Ya', 1.00, 1.00),
(1836, 62, 22, 44, 'Tidak', 0.00, 1.00),
(1837, 62, 3, 5, 'Ya', 1.00, 1.00),
(1838, 62, 13, 25, 'Ya', 1.00, 1.00),
(1839, 62, 23, 46, 'Tidak', 0.00, 1.00),
(1840, 62, 4, 8, 'Tidak', 0.00, 1.00),
(1841, 62, 14, 27, 'Ya', 1.00, 1.00),
(1842, 62, 24, 47, 'Ya', 1.00, 1.00),
(1843, 62, 5, 9, 'Ya', 1.00, 1.00),
(1844, 62, 15, 29, 'Ya', 1.00, 1.00),
(1845, 62, 25, 49, 'Ya', 1.00, 1.00),
(1846, 62, 6, 12, 'Tidak', 0.00, 1.00),
(1847, 62, 16, 32, 'Tidak', 0.00, 1.00),
(1848, 62, 26, 51, 'Ya', 1.00, 1.00),
(1849, 62, 7, 14, 'Tidak', 0.00, 1.00),
(1850, 62, 17, 33, 'Ya', 1.00, 1.00),
(1851, 62, 27, 54, 'Tidak', 0.00, 1.00),
(1852, 62, 8, 15, 'Ya', 1.00, 1.00),
(1853, 62, 18, 35, 'Ya', 1.00, 1.00),
(1854, 62, 28, 55, 'Ya', 1.00, 1.00),
(1855, 62, 9, 18, 'Tidak', 0.00, 1.00),
(1856, 62, 19, 37, 'Ya', 1.00, 1.00),
(1857, 62, 29, 58, 'Tidak', 0.00, 1.00),
(1858, 62, 10, 19, 'Ya', 1.00, 1.00),
(1859, 62, 20, 39, 'Ya', 1.00, 1.00),
(1860, 62, 30, 59, 'Ya', 1.00, 1.00),
(1861, 63, 1, 2, 'Tidak', 0.00, 1.00),
(1862, 63, 11, 21, 'Ya', 1.00, 1.00),
(1863, 63, 21, 41, 'Ya', 1.00, 1.00),
(1864, 63, 2, 4, 'Tidak', 0.00, 1.00),
(1865, 63, 12, 23, 'Ya', 1.00, 1.00),
(1866, 63, 22, 43, 'Ya', 1.00, 1.00),
(1867, 63, 3, 5, 'Ya', 1.00, 1.00),
(1868, 63, 13, 25, 'Ya', 1.00, 1.00),
(1869, 63, 23, 45, 'Ya', 1.00, 1.00),
(1870, 63, 4, 8, 'Tidak', 0.00, 1.00),
(1871, 63, 14, 28, 'Tidak', 0.00, 1.00),
(1872, 63, 24, 47, 'Ya', 1.00, 1.00),
(1873, 63, 5, 10, 'Tidak', 0.00, 1.00),
(1874, 63, 15, 29, 'Ya', 1.00, 1.00),
(1875, 63, 25, 49, 'Ya', 1.00, 1.00),
(1876, 63, 6, 12, 'Tidak', 0.00, 1.00),
(1877, 63, 16, 31, 'Ya', 1.00, 1.00),
(1878, 63, 26, 51, 'Ya', 1.00, 1.00),
(1879, 63, 7, 14, 'Tidak', 0.00, 1.00),
(1880, 63, 17, 33, 'Ya', 1.00, 1.00),
(1881, 63, 27, 54, 'Tidak', 0.00, 1.00),
(1882, 63, 8, 16, 'Tidak', 0.00, 1.00),
(1883, 63, 18, 35, 'Ya', 1.00, 1.00),
(1884, 63, 28, 56, 'Tidak', 0.00, 1.00),
(1885, 63, 9, 18, 'Tidak', 0.00, 1.00),
(1886, 63, 19, 37, 'Ya', 1.00, 1.00),
(1887, 63, 29, 58, 'Tidak', 0.00, 1.00),
(1888, 63, 10, 20, 'Tidak', 0.00, 1.00),
(1889, 63, 20, 40, 'Tidak', 0.00, 1.00),
(1890, 63, 30, 59, 'Ya', 1.00, 1.00),
(1891, 64, 1, 2, 'Tidak', 0.00, 1.00),
(1892, 64, 11, 21, 'Ya', 1.00, 1.00),
(1893, 64, 21, 41, 'Ya', 1.00, 1.00),
(1894, 64, 2, 4, 'Tidak', 0.00, 1.00),
(1895, 64, 12, 23, 'Ya', 1.00, 1.00),
(1896, 64, 22, 43, 'Ya', 1.00, 1.00),
(1897, 64, 3, 5, 'Ya', 1.00, 1.00),
(1898, 64, 13, 25, 'Ya', 1.00, 1.00),
(1899, 64, 23, 45, 'Ya', 1.00, 1.00),
(1900, 64, 4, 8, 'Tidak', 0.00, 1.00),
(1901, 64, 14, 28, 'Tidak', 0.00, 1.00),
(1902, 64, 24, 48, 'Tidak', 0.00, 1.00),
(1903, 64, 5, 10, 'Tidak', 0.00, 1.00),
(1904, 64, 15, 29, 'Ya', 1.00, 1.00),
(1905, 64, 25, 49, 'Ya', 1.00, 1.00),
(1906, 64, 6, 12, 'Tidak', 0.00, 1.00),
(1907, 64, 16, 31, 'Ya', 1.00, 1.00),
(1908, 64, 26, 51, 'Ya', 1.00, 1.00),
(1909, 64, 7, 14, 'Tidak', 0.00, 1.00),
(1910, 64, 17, 33, 'Ya', 1.00, 1.00),
(1911, 64, 27, 54, 'Tidak', 0.00, 1.00),
(1912, 64, 8, 16, 'Tidak', 0.00, 1.00),
(1913, 64, 18, 36, 'Tidak', 0.00, 1.00),
(1914, 64, 28, 55, 'Ya', 1.00, 1.00),
(1915, 64, 9, 18, 'Tidak', 0.00, 1.00),
(1916, 64, 19, 37, 'Ya', 1.00, 1.00),
(1917, 64, 29, 58, 'Tidak', 0.00, 1.00),
(1918, 64, 10, 20, 'Tidak', 0.00, 1.00),
(1919, 64, 20, 40, 'Tidak', 0.00, 1.00),
(1920, 64, 30, 59, 'Ya', 1.00, 1.00),
(1921, 65, 1, 2, 'Tidak', 0.00, 1.00),
(1922, 65, 11, 21, 'Ya', 1.00, 1.00),
(1923, 65, 21, 41, 'Ya', 1.00, 1.00),
(1924, 65, 2, 4, 'Tidak', 0.00, 1.00),
(1925, 65, 12, 23, 'Ya', 1.00, 1.00),
(1926, 65, 22, 43, 'Ya', 1.00, 1.00),
(1927, 65, 3, 5, 'Ya', 1.00, 1.00),
(1928, 65, 13, 25, 'Ya', 1.00, 1.00),
(1929, 65, 23, 45, 'Ya', 1.00, 1.00),
(1930, 65, 4, 8, 'Tidak', 0.00, 1.00),
(1931, 65, 14, 27, 'Ya', 1.00, 1.00),
(1932, 65, 24, 47, 'Ya', 1.00, 1.00),
(1933, 65, 5, 10, 'Tidak', 0.00, 1.00),
(1934, 65, 15, 29, 'Ya', 1.00, 1.00),
(1935, 65, 25, 49, 'Ya', 1.00, 1.00),
(1936, 65, 6, 12, 'Tidak', 0.00, 1.00),
(1937, 65, 16, 31, 'Ya', 1.00, 1.00),
(1938, 65, 26, 51, 'Ya', 1.00, 1.00),
(1939, 65, 7, 14, 'Tidak', 0.00, 1.00),
(1940, 65, 17, 34, 'Tidak', 0.00, 1.00),
(1941, 65, 27, 53, 'Ya', 1.00, 1.00),
(1942, 65, 8, 16, 'Tidak', 0.00, 1.00),
(1943, 65, 18, 35, 'Ya', 1.00, 1.00),
(1944, 65, 28, 56, 'Tidak', 0.00, 1.00),
(1945, 65, 9, 18, 'Tidak', 0.00, 1.00),
(1946, 65, 19, 37, 'Ya', 1.00, 1.00),
(1947, 65, 29, 58, 'Tidak', 0.00, 1.00),
(1948, 65, 10, 20, 'Tidak', 0.00, 1.00),
(1949, 65, 20, 39, 'Ya', 1.00, 1.00),
(1950, 65, 30, 59, 'Ya', 1.00, 1.00),
(1951, 66, 1, 1, 'Ya', 1.00, 1.00),
(1952, 66, 11, 21, 'Ya', 1.00, 1.00),
(1953, 66, 21, 41, 'Ya', 1.00, 1.00),
(1954, 66, 2, 3, 'Ya', 1.00, 1.00),
(1955, 66, 12, 23, 'Ya', 1.00, 1.00),
(1956, 66, 22, 43, 'Ya', 1.00, 1.00),
(1957, 66, 3, 5, 'Ya', 1.00, 1.00),
(1958, 66, 13, 26, 'Tidak', 0.00, 1.00),
(1959, 66, 23, 45, 'Ya', 1.00, 1.00),
(1960, 66, 4, 7, 'Ya', 1.00, 1.00),
(1961, 66, 14, 27, 'Ya', 1.00, 1.00),
(1962, 66, 24, 47, 'Ya', 1.00, 1.00),
(1963, 66, 5, 9, 'Ya', 1.00, 1.00),
(1964, 66, 15, 29, 'Ya', 1.00, 1.00),
(1965, 66, 25, 49, 'Ya', 1.00, 1.00),
(1966, 66, 6, 11, 'Ya', 1.00, 1.00),
(1967, 66, 16, 31, 'Ya', 1.00, 1.00),
(1968, 66, 26, 51, 'Ya', 1.00, 1.00),
(1969, 66, 7, 13, 'Ya', 1.00, 1.00),
(1970, 66, 17, 34, 'Tidak', 0.00, 1.00),
(1971, 66, 27, 53, 'Ya', 1.00, 1.00),
(1972, 66, 8, 15, 'Ya', 1.00, 1.00),
(1973, 66, 18, 35, 'Ya', 1.00, 1.00),
(1974, 66, 28, 55, 'Ya', 1.00, 1.00),
(1975, 66, 9, 17, 'Ya', 1.00, 1.00),
(1976, 66, 19, 37, 'Ya', 1.00, 1.00),
(1977, 66, 29, 57, 'Ya', 1.00, 1.00),
(1978, 66, 10, 19, 'Ya', 1.00, 1.00),
(1979, 66, 20, 39, 'Ya', 1.00, 1.00),
(1980, 66, 30, 59, 'Ya', 1.00, 1.00),
(1981, 67, 1, 2, 'Tidak', 0.00, 1.00),
(1982, 67, 11, 22, 'Tidak', 0.00, 1.00),
(1983, 67, 21, 41, 'Ya', 1.00, 1.00),
(1984, 67, 2, 4, 'Tidak', 0.00, 1.00),
(1985, 67, 12, 24, 'Tidak', 0.00, 1.00),
(1986, 67, 22, 44, 'Tidak', 0.00, 1.00),
(1987, 67, 3, 5, 'Ya', 1.00, 1.00),
(1988, 67, 13, 26, 'Tidak', 0.00, 1.00),
(1989, 67, 23, 46, 'Tidak', 0.00, 1.00),
(1990, 67, 4, 8, 'Tidak', 0.00, 1.00),
(1991, 67, 14, 27, 'Ya', 1.00, 1.00),
(1992, 67, 24, 47, 'Ya', 1.00, 1.00),
(1993, 67, 5, 10, 'Tidak', 0.00, 1.00),
(1994, 67, 15, 30, 'Tidak', 0.00, 1.00),
(1995, 67, 25, 49, 'Ya', 1.00, 1.00),
(1996, 67, 6, 12, 'Tidak', 0.00, 1.00),
(1997, 67, 16, 32, 'Tidak', 0.00, 1.00),
(1998, 67, 26, 51, 'Ya', 1.00, 1.00),
(1999, 67, 7, 14, 'Tidak', 0.00, 1.00),
(2000, 67, 17, 34, 'Tidak', 0.00, 1.00),
(2001, 67, 27, 54, 'Tidak', 0.00, 1.00),
(2002, 67, 8, 16, 'Tidak', 0.00, 1.00),
(2003, 67, 18, 35, 'Ya', 1.00, 1.00),
(2004, 67, 28, 56, 'Tidak', 0.00, 1.00),
(2005, 67, 9, 18, 'Tidak', 0.00, 1.00),
(2006, 67, 19, 38, 'Tidak', 0.00, 1.00),
(2007, 67, 29, 58, 'Tidak', 0.00, 1.00),
(2008, 67, 10, 20, 'Tidak', 0.00, 1.00),
(2009, 67, 20, 40, 'Tidak', 0.00, 1.00),
(2010, 67, 30, 60, 'Tidak', 0.00, 1.00),
(2011, 68, 1, 1, 'Ya', 1.00, 1.00),
(2012, 68, 11, 21, 'Ya', 1.00, 1.00),
(2013, 68, 21, 41, 'Ya', 1.00, 1.00),
(2014, 68, 2, 3, 'Ya', 1.00, 1.00),
(2015, 68, 12, 23, 'Ya', 1.00, 1.00),
(2016, 68, 22, 43, 'Ya', 1.00, 1.00),
(2017, 68, 3, 5, 'Ya', 1.00, 1.00),
(2018, 68, 13, 25, 'Ya', 1.00, 1.00),
(2019, 68, 23, 45, 'Ya', 1.00, 1.00),
(2020, 68, 4, 7, 'Ya', 1.00, 1.00),
(2021, 68, 14, 27, 'Ya', 1.00, 1.00),
(2022, 68, 24, 48, 'Tidak', 0.00, 1.00),
(2023, 68, 5, 9, 'Ya', 1.00, 1.00),
(2024, 68, 15, 29, 'Ya', 1.00, 1.00),
(2025, 68, 25, 49, 'Ya', 1.00, 1.00),
(2026, 68, 6, 11, 'Ya', 1.00, 1.00),
(2027, 68, 16, 31, 'Ya', 1.00, 1.00),
(2028, 68, 26, 51, 'Ya', 1.00, 1.00),
(2029, 68, 7, 13, 'Ya', 1.00, 1.00),
(2030, 68, 17, 33, 'Ya', 1.00, 1.00),
(2031, 68, 27, 53, 'Ya', 1.00, 1.00),
(2032, 68, 8, 15, 'Ya', 1.00, 1.00),
(2033, 68, 18, 36, 'Tidak', 0.00, 1.00),
(2034, 68, 28, 55, 'Ya', 1.00, 1.00),
(2035, 68, 9, 17, 'Ya', 1.00, 1.00),
(2036, 68, 19, 37, 'Ya', 1.00, 1.00),
(2037, 68, 29, 57, 'Ya', 1.00, 1.00),
(2038, 68, 10, 19, 'Ya', 1.00, 1.00),
(2039, 68, 20, 39, 'Ya', 1.00, 1.00),
(2040, 68, 30, 59, 'Ya', 1.00, 1.00),
(2041, 69, 1, 1, 'Ya', 1.00, 1.00),
(2042, 69, 11, 21, 'Ya', 1.00, 1.00),
(2043, 69, 21, 41, 'Ya', 1.00, 1.00),
(2044, 69, 2, 4, 'Tidak', 0.00, 1.00),
(2045, 69, 12, 23, 'Ya', 1.00, 1.00),
(2046, 69, 22, 44, 'Tidak', 0.00, 1.00),
(2047, 69, 3, 6, 'Tidak', 0.00, 1.00),
(2048, 69, 13, 25, 'Ya', 1.00, 1.00),
(2049, 69, 23, 46, 'Tidak', 0.00, 1.00),
(2050, 69, 4, 8, 'Tidak', 0.00, 1.00),
(2051, 69, 14, 27, 'Ya', 1.00, 1.00),
(2052, 69, 24, 48, 'Tidak', 0.00, 1.00),
(2053, 69, 5, 10, 'Tidak', 0.00, 1.00),
(2054, 69, 15, 29, 'Ya', 1.00, 1.00),
(2055, 69, 25, 50, 'Tidak', 0.00, 1.00),
(2056, 69, 6, 12, 'Tidak', 0.00, 1.00),
(2057, 69, 16, 31, 'Ya', 1.00, 1.00),
(2058, 69, 26, 51, 'Ya', 1.00, 1.00),
(2059, 69, 7, 14, 'Tidak', 0.00, 1.00),
(2060, 69, 17, 33, 'Ya', 1.00, 1.00),
(2061, 69, 27, 54, 'Tidak', 0.00, 1.00),
(2062, 69, 8, 16, 'Tidak', 0.00, 1.00),
(2063, 69, 18, 35, 'Ya', 1.00, 1.00),
(2064, 69, 28, 56, 'Tidak', 0.00, 1.00),
(2065, 69, 9, 18, 'Tidak', 0.00, 1.00),
(2066, 69, 19, 37, 'Ya', 1.00, 1.00),
(2067, 69, 29, 58, 'Tidak', 0.00, 1.00),
(2068, 69, 10, 19, 'Ya', 1.00, 1.00),
(2069, 69, 20, 39, 'Ya', 1.00, 1.00),
(2070, 69, 30, 60, 'Tidak', 0.00, 1.00),
(2071, 70, 1, 2, 'Tidak', 0.00, 1.00),
(2072, 70, 11, 21, 'Ya', 1.00, 1.00),
(2073, 70, 21, 41, 'Ya', 1.00, 1.00),
(2074, 70, 2, 4, 'Tidak', 0.00, 1.00),
(2075, 70, 12, 23, 'Ya', 1.00, 1.00),
(2076, 70, 22, 44, 'Tidak', 0.00, 1.00),
(2077, 70, 3, 6, 'Tidak', 0.00, 1.00),
(2078, 70, 13, 25, 'Ya', 1.00, 1.00),
(2079, 70, 23, 46, 'Tidak', 0.00, 1.00),
(2080, 70, 4, 8, 'Tidak', 0.00, 1.00),
(2081, 70, 14, 27, 'Ya', 1.00, 1.00),
(2082, 70, 24, 47, 'Ya', 1.00, 1.00),
(2083, 70, 5, 10, 'Tidak', 0.00, 1.00),
(2084, 70, 15, 29, 'Ya', 1.00, 1.00),
(2085, 70, 25, 50, 'Tidak', 0.00, 1.00),
(2086, 70, 6, 12, 'Tidak', 0.00, 1.00),
(2087, 70, 16, 31, 'Ya', 1.00, 1.00),
(2088, 70, 26, 52, 'Tidak', 0.00, 1.00),
(2089, 70, 7, 14, 'Tidak', 0.00, 1.00),
(2090, 70, 17, 33, 'Ya', 1.00, 1.00),
(2091, 70, 27, 54, 'Tidak', 0.00, 1.00),
(2092, 70, 8, 16, 'Tidak', 0.00, 1.00),
(2093, 70, 18, 35, 'Ya', 1.00, 1.00),
(2094, 70, 28, 56, 'Tidak', 0.00, 1.00),
(2095, 70, 9, 18, 'Tidak', 0.00, 1.00),
(2096, 70, 19, 37, 'Ya', 1.00, 1.00),
(2097, 70, 29, 58, 'Tidak', 0.00, 1.00),
(2098, 70, 10, 20, 'Tidak', 0.00, 1.00),
(2099, 70, 20, 39, 'Ya', 1.00, 1.00),
(2100, 70, 30, 60, 'Tidak', 0.00, 1.00),
(2101, 71, 1, 1, 'Ya', 1.00, 1.00),
(2102, 71, 11, 21, 'Ya', 1.00, 1.00),
(2103, 71, 21, 42, 'Tidak', 0.00, 1.00),
(2104, 71, 2, 3, 'Ya', 1.00, 1.00),
(2105, 71, 12, 23, 'Ya', 1.00, 1.00),
(2106, 71, 22, 44, 'Tidak', 0.00, 1.00),
(2107, 71, 3, 5, 'Ya', 1.00, 1.00),
(2108, 71, 13, 25, 'Ya', 1.00, 1.00),
(2109, 71, 23, 46, 'Tidak', 0.00, 1.00),
(2110, 71, 4, 8, 'Tidak', 0.00, 1.00),
(2111, 71, 14, 27, 'Ya', 1.00, 1.00),
(2112, 71, 24, 48, 'Tidak', 0.00, 1.00),
(2113, 71, 5, 9, 'Ya', 1.00, 1.00),
(2114, 71, 15, 29, 'Ya', 1.00, 1.00),
(2115, 71, 25, 50, 'Tidak', 0.00, 1.00),
(2116, 71, 6, 12, 'Tidak', 0.00, 1.00),
(2117, 71, 16, 31, 'Ya', 1.00, 1.00),
(2118, 71, 26, 52, 'Tidak', 0.00, 1.00),
(2119, 71, 7, 14, 'Tidak', 0.00, 1.00),
(2120, 71, 17, 33, 'Ya', 1.00, 1.00),
(2121, 71, 27, 54, 'Tidak', 0.00, 1.00),
(2122, 71, 8, 16, 'Tidak', 0.00, 1.00),
(2123, 71, 18, 36, 'Tidak', 0.00, 1.00),
(2124, 71, 28, 56, 'Tidak', 0.00, 1.00),
(2125, 71, 9, 17, 'Ya', 1.00, 1.00),
(2126, 71, 19, 37, 'Ya', 1.00, 1.00),
(2127, 71, 29, 58, 'Tidak', 0.00, 1.00),
(2128, 71, 10, 20, 'Tidak', 0.00, 1.00),
(2129, 71, 20, 39, 'Ya', 1.00, 1.00),
(2130, 71, 30, 60, 'Tidak', 0.00, 1.00),
(2131, 72, 1, 1, 'Ya', 1.00, 1.00),
(2132, 72, 11, 21, 'Ya', 1.00, 1.00),
(2133, 72, 21, 42, 'Tidak', 0.00, 1.00),
(2134, 72, 2, 3, 'Ya', 1.00, 1.00),
(2135, 72, 12, 23, 'Ya', 1.00, 1.00),
(2136, 72, 22, 44, 'Tidak', 0.00, 1.00),
(2137, 72, 3, 5, 'Ya', 1.00, 1.00),
(2138, 72, 13, 25, 'Ya', 1.00, 1.00),
(2139, 72, 23, 46, 'Tidak', 0.00, 1.00),
(2140, 72, 4, 8, 'Tidak', 0.00, 1.00),
(2141, 72, 14, 27, 'Ya', 1.00, 1.00),
(2142, 72, 24, 48, 'Tidak', 0.00, 1.00),
(2143, 72, 5, 9, 'Ya', 1.00, 1.00),
(2144, 72, 15, 29, 'Ya', 1.00, 1.00),
(2145, 72, 25, 49, 'Ya', 1.00, 1.00),
(2146, 72, 6, 12, 'Tidak', 0.00, 1.00),
(2147, 72, 16, 31, 'Ya', 1.00, 1.00),
(2148, 72, 26, 52, 'Tidak', 0.00, 1.00),
(2149, 72, 7, 14, 'Tidak', 0.00, 1.00),
(2150, 72, 17, 33, 'Ya', 1.00, 1.00),
(2151, 72, 27, 54, 'Tidak', 0.00, 1.00),
(2152, 72, 8, 16, 'Tidak', 0.00, 1.00),
(2153, 72, 18, 35, 'Ya', 1.00, 1.00),
(2154, 72, 28, 56, 'Tidak', 0.00, 1.00),
(2155, 72, 9, 17, 'Ya', 1.00, 1.00),
(2156, 72, 19, 37, 'Ya', 1.00, 1.00),
(2157, 72, 29, 58, 'Tidak', 0.00, 1.00),
(2158, 72, 10, 20, 'Tidak', 0.00, 1.00),
(2159, 72, 20, 39, 'Ya', 1.00, 1.00),
(2160, 72, 30, 60, 'Tidak', 0.00, 1.00),
(2161, 73, 1, 1, 'Ya', 1.00, 1.00),
(2162, 73, 11, 21, 'Ya', 1.00, 1.00),
(2163, 73, 21, 42, 'Tidak', 0.00, 1.00),
(2164, 73, 2, 4, 'Tidak', 0.00, 1.00),
(2165, 73, 12, 23, 'Ya', 1.00, 1.00),
(2166, 73, 22, 44, 'Tidak', 0.00, 1.00),
(2167, 73, 3, 5, 'Ya', 1.00, 1.00),
(2168, 73, 13, 25, 'Ya', 1.00, 1.00),
(2169, 73, 23, 46, 'Tidak', 0.00, 1.00),
(2170, 73, 4, 8, 'Tidak', 0.00, 1.00),
(2171, 73, 14, 27, 'Ya', 1.00, 1.00),
(2172, 73, 24, 48, 'Tidak', 0.00, 1.00),
(2173, 73, 5, 9, 'Ya', 1.00, 1.00),
(2174, 73, 15, 29, 'Ya', 1.00, 1.00),
(2175, 73, 25, 50, 'Tidak', 0.00, 1.00),
(2176, 73, 6, 12, 'Tidak', 0.00, 1.00),
(2177, 73, 16, 31, 'Ya', 1.00, 1.00),
(2178, 73, 26, 52, 'Tidak', 0.00, 1.00),
(2179, 73, 7, 14, 'Tidak', 0.00, 1.00),
(2180, 73, 17, 33, 'Ya', 1.00, 1.00),
(2181, 73, 27, 54, 'Tidak', 0.00, 1.00),
(2182, 73, 8, 15, 'Ya', 1.00, 1.00),
(2183, 73, 18, 35, 'Ya', 1.00, 1.00),
(2184, 73, 28, 56, 'Tidak', 0.00, 1.00),
(2185, 73, 9, 17, 'Ya', 1.00, 1.00),
(2186, 73, 19, 37, 'Ya', 1.00, 1.00),
(2187, 73, 29, 58, 'Tidak', 0.00, 1.00),
(2188, 73, 10, 20, 'Tidak', 0.00, 1.00),
(2189, 73, 20, 39, 'Ya', 1.00, 1.00),
(2190, 73, 30, 60, 'Tidak', 0.00, 1.00),
(2191, 74, 1, 2, 'Tidak', 0.00, 1.00),
(2192, 74, 11, 21, 'Ya', 1.00, 1.00),
(2193, 74, 21, 41, 'Ya', 1.00, 1.00),
(2194, 74, 2, 4, 'Tidak', 0.00, 1.00),
(2195, 74, 12, 23, 'Ya', 1.00, 1.00),
(2196, 74, 22, 43, 'Ya', 1.00, 1.00),
(2197, 74, 3, 5, 'Ya', 1.00, 1.00),
(2198, 74, 13, 26, 'Tidak', 0.00, 1.00),
(2199, 74, 23, 45, 'Ya', 1.00, 1.00),
(2200, 74, 4, 8, 'Tidak', 0.00, 1.00),
(2201, 74, 14, 27, 'Ya', 1.00, 1.00),
(2202, 74, 24, 48, 'Tidak', 0.00, 1.00),
(2203, 74, 5, 10, 'Tidak', 0.00, 1.00),
(2204, 74, 15, 30, 'Tidak', 0.00, 1.00),
(2205, 74, 25, 49, 'Ya', 1.00, 1.00),
(2206, 74, 6, 12, 'Tidak', 0.00, 1.00),
(2207, 74, 16, 32, 'Tidak', 0.00, 1.00),
(2208, 74, 26, 51, 'Ya', 1.00, 1.00),
(2209, 74, 7, 14, 'Tidak', 0.00, 1.00),
(2210, 74, 17, 34, 'Tidak', 0.00, 1.00),
(2211, 74, 27, 54, 'Tidak', 0.00, 1.00),
(2212, 74, 8, 16, 'Tidak', 0.00, 1.00),
(2213, 74, 18, 35, 'Ya', 1.00, 1.00),
(2214, 74, 28, 55, 'Ya', 1.00, 1.00),
(2215, 74, 9, 18, 'Tidak', 0.00, 1.00),
(2216, 74, 19, 38, 'Tidak', 0.00, 1.00),
(2217, 74, 29, 57, 'Ya', 1.00, 1.00),
(2218, 74, 10, 20, 'Tidak', 0.00, 1.00),
(2219, 74, 20, 39, 'Ya', 1.00, 1.00),
(2220, 74, 30, 59, 'Ya', 1.00, 1.00),
(2221, 75, 1, 2, 'Tidak', 0.00, 1.00),
(2222, 75, 11, 21, 'Ya', 1.00, 1.00),
(2223, 75, 21, 41, 'Ya', 1.00, 1.00),
(2224, 75, 2, 4, 'Tidak', 0.00, 1.00),
(2225, 75, 12, 23, 'Ya', 1.00, 1.00),
(2226, 75, 22, 44, 'Tidak', 0.00, 1.00),
(2227, 75, 3, 5, 'Ya', 1.00, 1.00),
(2228, 75, 13, 25, 'Ya', 1.00, 1.00),
(2229, 75, 23, 46, 'Tidak', 0.00, 1.00),
(2230, 75, 4, 8, 'Tidak', 0.00, 1.00),
(2231, 75, 14, 27, 'Ya', 1.00, 1.00),
(2232, 75, 24, 48, 'Tidak', 0.00, 1.00),
(2233, 75, 5, 10, 'Tidak', 0.00, 1.00),
(2234, 75, 15, 29, 'Ya', 1.00, 1.00),
(2235, 75, 25, 50, 'Tidak', 0.00, 1.00),
(2236, 75, 6, 12, 'Tidak', 0.00, 1.00),
(2237, 75, 16, 31, 'Ya', 1.00, 1.00),
(2238, 75, 26, 51, 'Ya', 1.00, 1.00),
(2239, 75, 7, 13, 'Ya', 1.00, 1.00),
(2240, 75, 17, 33, 'Ya', 1.00, 1.00),
(2241, 75, 27, 54, 'Tidak', 0.00, 1.00),
(2242, 75, 8, 15, 'Ya', 1.00, 1.00),
(2243, 75, 18, 35, 'Ya', 1.00, 1.00),
(2244, 75, 28, 56, 'Tidak', 0.00, 1.00),
(2245, 75, 9, 17, 'Ya', 1.00, 1.00),
(2246, 75, 19, 38, 'Tidak', 0.00, 1.00),
(2247, 75, 29, 57, 'Ya', 1.00, 1.00),
(2248, 75, 10, 20, 'Tidak', 0.00, 1.00),
(2249, 75, 20, 39, 'Ya', 1.00, 1.00),
(2250, 75, 30, 60, 'Tidak', 0.00, 1.00),
(2251, 76, 1, 2, 'Tidak', 0.00, 1.00),
(2252, 76, 11, 21, 'Ya', 1.00, 1.00),
(2253, 76, 21, 41, 'Ya', 1.00, 1.00),
(2254, 76, 2, 4, 'Tidak', 0.00, 1.00),
(2255, 76, 12, 23, 'Ya', 1.00, 1.00),
(2256, 76, 22, 43, 'Ya', 1.00, 1.00),
(2257, 76, 3, 5, 'Ya', 1.00, 1.00),
(2258, 76, 13, 25, 'Ya', 1.00, 1.00),
(2259, 76, 23, 45, 'Ya', 1.00, 1.00),
(2260, 76, 4, 8, 'Tidak', 0.00, 1.00),
(2261, 76, 14, 27, 'Ya', 1.00, 1.00),
(2262, 76, 24, 47, 'Ya', 1.00, 1.00),
(2263, 76, 5, 10, 'Tidak', 0.00, 1.00),
(2264, 76, 15, 29, 'Ya', 1.00, 1.00),
(2265, 76, 25, 50, 'Tidak', 0.00, 1.00),
(2266, 76, 6, 12, 'Tidak', 0.00, 1.00),
(2267, 76, 16, 31, 'Ya', 1.00, 1.00),
(2268, 76, 26, 51, 'Ya', 1.00, 1.00),
(2269, 76, 7, 14, 'Tidak', 0.00, 1.00),
(2270, 76, 17, 33, 'Ya', 1.00, 1.00),
(2271, 76, 27, 53, 'Ya', 1.00, 1.00),
(2272, 76, 8, 16, 'Tidak', 0.00, 1.00),
(2273, 76, 18, 35, 'Ya', 1.00, 1.00),
(2274, 76, 28, 56, 'Tidak', 0.00, 1.00),
(2275, 76, 9, 18, 'Tidak', 0.00, 1.00),
(2276, 76, 19, 37, 'Ya', 1.00, 1.00),
(2277, 76, 29, 57, 'Ya', 1.00, 1.00),
(2278, 76, 10, 20, 'Tidak', 0.00, 1.00),
(2279, 76, 20, 40, 'Tidak', 0.00, 1.00),
(2280, 76, 30, 59, 'Ya', 1.00, 1.00),
(2311, 78, 1, 1, 'Ya', 1.00, 1.00),
(2312, 78, 11, 21, 'Ya', 1.00, 1.00),
(2313, 78, 21, 41, 'Ya', 1.00, 1.00),
(2314, 78, 2, 3, 'Ya', 1.00, 1.00),
(2315, 78, 12, 23, 'Ya', 1.00, 1.00),
(2316, 78, 22, 44, 'Tidak', 0.00, 1.00),
(2317, 78, 3, 6, 'Tidak', 0.00, 1.00),
(2318, 78, 13, 25, 'Ya', 1.00, 1.00),
(2319, 78, 23, 45, 'Ya', 1.00, 1.00),
(2320, 78, 4, 7, 'Ya', 1.00, 1.00),
(2321, 78, 14, 28, 'Tidak', 0.00, 1.00),
(2322, 78, 24, 48, 'Tidak', 0.00, 1.00),
(2323, 78, 5, 9, 'Ya', 1.00, 1.00),
(2324, 78, 15, 29, 'Ya', 1.00, 1.00),
(2325, 78, 25, 50, 'Tidak', 0.00, 1.00),
(2326, 78, 6, 11, 'Ya', 1.00, 1.00),
(2327, 78, 16, 32, 'Tidak', 0.00, 1.00),
(2328, 78, 26, 52, 'Tidak', 0.00, 1.00),
(2329, 78, 7, 13, 'Ya', 1.00, 1.00),
(2330, 78, 17, 33, 'Ya', 1.00, 1.00),
(2331, 78, 27, 54, 'Tidak', 0.00, 1.00),
(2332, 78, 8, 15, 'Ya', 1.00, 1.00),
(2333, 78, 18, 36, 'Tidak', 0.00, 1.00),
(2334, 78, 28, 56, 'Tidak', 0.00, 1.00),
(2335, 78, 9, 17, 'Ya', 1.00, 1.00),
(2336, 78, 19, 38, 'Tidak', 0.00, 1.00),
(2337, 78, 29, 58, 'Tidak', 0.00, 1.00),
(2338, 78, 10, 19, 'Ya', 1.00, 1.00),
(2339, 78, 20, 40, 'Tidak', 0.00, 1.00),
(2340, 78, 30, 60, 'Tidak', 0.00, 1.00),
(2341, 79, 1, 2, 'Tidak', 0.00, 1.00),
(2342, 79, 11, 22, 'Tidak', 0.00, 1.00),
(2343, 79, 21, 41, 'Ya', 1.00, 1.00),
(2344, 79, 2, 4, 'Tidak', 0.00, 1.00),
(2345, 79, 12, 23, 'Ya', 1.00, 1.00),
(2346, 79, 22, 43, 'Ya', 1.00, 1.00),
(2347, 79, 3, 5, 'Ya', 1.00, 1.00),
(2348, 79, 13, 26, 'Tidak', 0.00, 1.00),
(2349, 79, 23, 45, 'Ya', 1.00, 1.00),
(2350, 79, 4, 7, 'Ya', 1.00, 1.00),
(2351, 79, 14, 28, 'Tidak', 0.00, 1.00),
(2352, 79, 24, 47, 'Ya', 1.00, 1.00),
(2353, 79, 5, 10, 'Tidak', 0.00, 1.00),
(2354, 79, 15, 30, 'Tidak', 0.00, 1.00),
(2355, 79, 25, 49, 'Ya', 1.00, 1.00),
(2356, 79, 6, 12, 'Tidak', 0.00, 1.00),
(2357, 79, 16, 32, 'Tidak', 0.00, 1.00),
(2358, 79, 26, 51, 'Ya', 1.00, 1.00),
(2359, 79, 7, 14, 'Tidak', 0.00, 1.00),
(2360, 79, 17, 34, 'Tidak', 0.00, 1.00),
(2361, 79, 27, 53, 'Ya', 1.00, 1.00),
(2362, 79, 8, 15, 'Ya', 1.00, 1.00),
(2363, 79, 18, 36, 'Tidak', 0.00, 1.00),
(2364, 79, 28, 55, 'Ya', 1.00, 1.00),
(2365, 79, 9, 18, 'Tidak', 0.00, 1.00),
(2366, 79, 19, 38, 'Tidak', 0.00, 1.00),
(2367, 79, 29, 57, 'Ya', 1.00, 1.00),
(2368, 79, 10, 20, 'Tidak', 0.00, 1.00),
(2369, 79, 20, 39, 'Ya', 1.00, 1.00),
(2370, 79, 30, 59, 'Ya', 1.00, 1.00),
(2371, 80, 1, 2, 'Tidak', 0.00, 1.00),
(2372, 80, 11, 22, 'Tidak', 0.00, 1.00),
(2373, 80, 21, 41, 'Ya', 1.00, 1.00),
(2374, 80, 2, 4, 'Tidak', 0.00, 1.00),
(2375, 80, 12, 24, 'Tidak', 0.00, 1.00),
(2376, 80, 22, 44, 'Tidak', 0.00, 1.00),
(2377, 80, 3, 6, 'Tidak', 0.00, 1.00),
(2378, 80, 13, 26, 'Tidak', 0.00, 1.00),
(2379, 80, 23, 45, 'Ya', 1.00, 1.00),
(2380, 80, 4, 8, 'Tidak', 0.00, 1.00),
(2381, 80, 14, 28, 'Tidak', 0.00, 1.00),
(2382, 80, 24, 48, 'Tidak', 0.00, 1.00),
(2383, 80, 5, 10, 'Tidak', 0.00, 1.00),
(2384, 80, 15, 29, 'Ya', 1.00, 1.00),
(2385, 80, 25, 49, 'Ya', 1.00, 1.00),
(2386, 80, 6, 12, 'Tidak', 0.00, 1.00),
(2387, 80, 16, 31, 'Ya', 1.00, 1.00),
(2388, 80, 26, 51, 'Ya', 1.00, 1.00),
(2389, 80, 7, 14, 'Tidak', 0.00, 1.00),
(2390, 80, 17, 34, 'Tidak', 0.00, 1.00),
(2391, 80, 27, 54, 'Tidak', 0.00, 1.00),
(2392, 80, 8, 16, 'Tidak', 0.00, 1.00),
(2393, 80, 18, 36, 'Tidak', 0.00, 1.00),
(2394, 80, 28, 56, 'Tidak', 0.00, 1.00),
(2395, 80, 9, 18, 'Tidak', 0.00, 1.00),
(2396, 80, 19, 38, 'Tidak', 0.00, 1.00),
(2397, 80, 29, 58, 'Tidak', 0.00, 1.00),
(2398, 80, 10, 20, 'Tidak', 0.00, 1.00),
(2399, 80, 20, 40, 'Tidak', 0.00, 1.00),
(2400, 80, 30, 60, 'Tidak', 0.00, 1.00),
(2401, 81, 1, 2, 'Tidak', 0.00, 1.00),
(2402, 81, 11, 22, 'Tidak', 0.00, 1.00),
(2403, 81, 21, 41, 'Ya', 1.00, 1.00),
(2404, 81, 2, 4, 'Tidak', 0.00, 1.00),
(2405, 81, 12, 23, 'Ya', 1.00, 1.00),
(2406, 81, 22, 44, 'Tidak', 0.00, 1.00),
(2407, 81, 3, 6, 'Tidak', 0.00, 1.00),
(2408, 81, 13, 26, 'Tidak', 0.00, 1.00),
(2409, 81, 23, 45, 'Ya', 1.00, 1.00),
(2410, 81, 4, 8, 'Tidak', 0.00, 1.00),
(2411, 81, 14, 28, 'Tidak', 0.00, 1.00),
(2412, 81, 24, 48, 'Tidak', 0.00, 1.00),
(2413, 81, 5, 10, 'Tidak', 0.00, 1.00),
(2414, 81, 15, 29, 'Ya', 1.00, 1.00),
(2415, 81, 25, 49, 'Ya', 1.00, 1.00),
(2416, 81, 6, 12, 'Tidak', 0.00, 1.00),
(2417, 81, 16, 31, 'Ya', 1.00, 1.00),
(2418, 81, 26, 51, 'Ya', 1.00, 1.00),
(2419, 81, 7, 14, 'Tidak', 0.00, 1.00),
(2420, 81, 17, 34, 'Tidak', 0.00, 1.00),
(2421, 81, 27, 54, 'Tidak', 0.00, 1.00),
(2422, 81, 8, 16, 'Tidak', 0.00, 1.00),
(2423, 81, 18, 36, 'Tidak', 0.00, 1.00),
(2424, 81, 28, 56, 'Tidak', 0.00, 1.00),
(2425, 81, 9, 18, 'Tidak', 0.00, 1.00),
(2426, 81, 19, 38, 'Tidak', 0.00, 1.00),
(2427, 81, 29, 58, 'Tidak', 0.00, 1.00),
(2428, 81, 10, 20, 'Tidak', 0.00, 1.00),
(2429, 81, 20, 40, 'Tidak', 0.00, 1.00),
(2430, 81, 30, 60, 'Tidak', 0.00, 1.00),
(2431, 82, 1, 2, 'Tidak', 0.00, 1.00),
(2432, 82, 11, 22, 'Tidak', 0.00, 1.00),
(2433, 82, 21, 42, 'Tidak', 0.00, 1.00),
(2434, 82, 2, 4, 'Tidak', 0.00, 1.00),
(2435, 82, 12, 23, 'Ya', 1.00, 1.00),
(2436, 82, 22, 43, 'Ya', 1.00, 1.00),
(2437, 82, 3, 5, 'Ya', 1.00, 1.00),
(2438, 82, 13, 26, 'Tidak', 0.00, 1.00),
(2439, 82, 23, 46, 'Tidak', 0.00, 1.00),
(2440, 82, 4, 8, 'Tidak', 0.00, 1.00),
(2441, 82, 14, 28, 'Tidak', 0.00, 1.00),
(2442, 82, 24, 48, 'Tidak', 0.00, 1.00),
(2443, 82, 5, 10, 'Tidak', 0.00, 1.00),
(2444, 82, 15, 29, 'Ya', 1.00, 1.00),
(2445, 82, 25, 50, 'Tidak', 0.00, 1.00),
(2446, 82, 6, 12, 'Tidak', 0.00, 1.00),
(2447, 82, 16, 32, 'Tidak', 0.00, 1.00),
(2448, 82, 26, 51, 'Ya', 1.00, 1.00),
(2449, 82, 7, 14, 'Tidak', 0.00, 1.00),
(2450, 82, 17, 34, 'Tidak', 0.00, 1.00),
(2451, 82, 27, 54, 'Tidak', 0.00, 1.00),
(2452, 82, 8, 16, 'Tidak', 0.00, 1.00),
(2453, 82, 18, 36, 'Tidak', 0.00, 1.00),
(2454, 82, 28, 56, 'Tidak', 0.00, 1.00),
(2455, 82, 9, 18, 'Tidak', 0.00, 1.00),
(2456, 82, 19, 38, 'Tidak', 0.00, 1.00),
(2457, 82, 29, 58, 'Tidak', 0.00, 1.00),
(2458, 82, 10, 20, 'Tidak', 0.00, 1.00),
(2459, 82, 20, 40, 'Tidak', 0.00, 1.00),
(2460, 82, 30, 59, 'Ya', 1.00, 1.00),
(2461, 83, 1, 1, 'Ya', 1.00, 1.00),
(2462, 83, 11, 21, 'Ya', 1.00, 1.00),
(2463, 83, 21, 41, 'Ya', 1.00, 1.00),
(2464, 83, 2, 4, 'Tidak', 0.00, 1.00),
(2465, 83, 12, 23, 'Ya', 1.00, 1.00),
(2466, 83, 22, 44, 'Tidak', 0.00, 1.00),
(2467, 83, 3, 6, 'Tidak', 0.00, 1.00),
(2468, 83, 13, 25, 'Ya', 1.00, 1.00),
(2469, 83, 23, 45, 'Ya', 1.00, 1.00),
(2470, 83, 4, 7, 'Ya', 1.00, 1.00),
(2471, 83, 14, 27, 'Ya', 1.00, 1.00),
(2472, 83, 24, 47, 'Ya', 1.00, 1.00),
(2473, 83, 5, 9, 'Ya', 1.00, 1.00),
(2474, 83, 15, 29, 'Ya', 1.00, 1.00),
(2475, 83, 25, 49, 'Ya', 1.00, 1.00),
(2476, 83, 6, 12, 'Tidak', 0.00, 1.00),
(2477, 83, 16, 32, 'Tidak', 0.00, 1.00),
(2478, 83, 26, 52, 'Tidak', 0.00, 1.00),
(2479, 83, 7, 14, 'Tidak', 0.00, 1.00),
(2480, 83, 17, 34, 'Tidak', 0.00, 1.00),
(2481, 83, 27, 54, 'Tidak', 0.00, 1.00),
(2482, 83, 8, 16, 'Tidak', 0.00, 1.00),
(2483, 83, 18, 35, 'Ya', 1.00, 1.00),
(2484, 83, 28, 56, 'Tidak', 0.00, 1.00),
(2485, 83, 9, 18, 'Tidak', 0.00, 1.00),
(2486, 83, 19, 38, 'Tidak', 0.00, 1.00),
(2487, 83, 29, 58, 'Tidak', 0.00, 1.00),
(2488, 83, 10, 20, 'Tidak', 0.00, 1.00),
(2489, 83, 20, 39, 'Ya', 1.00, 1.00),
(2490, 83, 30, 60, 'Tidak', 0.00, 1.00),
(2491, 84, 1, 1, 'Ya', 1.00, 1.00),
(2492, 84, 11, 22, 'Tidak', 0.00, 1.00),
(2493, 84, 21, 41, 'Ya', 1.00, 1.00),
(2494, 84, 2, 4, 'Tidak', 0.00, 1.00),
(2495, 84, 12, 23, 'Ya', 1.00, 1.00),
(2496, 84, 22, 43, 'Ya', 1.00, 1.00),
(2497, 84, 3, 5, 'Ya', 1.00, 1.00),
(2498, 84, 13, 26, 'Tidak', 0.00, 1.00),
(2499, 84, 23, 45, 'Ya', 1.00, 1.00),
(2500, 84, 4, 8, 'Tidak', 0.00, 1.00),
(2501, 84, 14, 27, 'Ya', 1.00, 1.00),
(2502, 84, 24, 47, 'Ya', 1.00, 1.00),
(2503, 84, 5, 9, 'Ya', 1.00, 1.00),
(2504, 84, 15, 29, 'Ya', 1.00, 1.00),
(2505, 84, 25, 49, 'Ya', 1.00, 1.00),
(2506, 84, 6, 11, 'Ya', 1.00, 1.00),
(2507, 84, 16, 32, 'Tidak', 0.00, 1.00),
(2508, 84, 26, 51, 'Ya', 1.00, 1.00),
(2509, 84, 7, 14, 'Tidak', 0.00, 1.00),
(2510, 84, 17, 34, 'Tidak', 0.00, 1.00),
(2511, 84, 27, 54, 'Tidak', 0.00, 1.00),
(2512, 84, 8, 15, 'Ya', 1.00, 1.00),
(2513, 84, 18, 36, 'Tidak', 0.00, 1.00),
(2514, 84, 28, 55, 'Ya', 1.00, 1.00),
(2515, 84, 9, 18, 'Tidak', 0.00, 1.00),
(2516, 84, 19, 38, 'Tidak', 0.00, 1.00),
(2517, 84, 29, 58, 'Tidak', 0.00, 1.00),
(2518, 84, 10, 20, 'Tidak', 0.00, 1.00),
(2519, 84, 20, 39, 'Ya', 1.00, 1.00),
(2520, 84, 30, 60, 'Tidak', 0.00, 1.00),
(2521, 85, 1, 2, 'Tidak', 0.00, 1.00),
(2522, 85, 11, 21, 'Ya', 1.00, 1.00),
(2523, 85, 21, 41, 'Ya', 1.00, 1.00),
(2524, 85, 2, 4, 'Tidak', 0.00, 1.00),
(2525, 85, 12, 24, 'Tidak', 0.00, 1.00),
(2526, 85, 22, 43, 'Ya', 1.00, 1.00),
(2527, 85, 3, 5, 'Ya', 1.00, 1.00),
(2528, 85, 13, 26, 'Tidak', 0.00, 1.00),
(2529, 85, 23, 45, 'Ya', 1.00, 1.00),
(2530, 85, 4, 8, 'Tidak', 0.00, 1.00),
(2531, 85, 14, 27, 'Ya', 1.00, 1.00),
(2532, 85, 24, 47, 'Ya', 1.00, 1.00),
(2533, 85, 5, 9, 'Ya', 1.00, 1.00),
(2534, 85, 15, 29, 'Ya', 1.00, 1.00),
(2535, 85, 25, 49, 'Ya', 1.00, 1.00),
(2536, 85, 6, 12, 'Tidak', 0.00, 1.00),
(2537, 85, 16, 32, 'Tidak', 0.00, 1.00),
(2538, 85, 26, 51, 'Ya', 1.00, 1.00),
(2539, 85, 7, 14, 'Tidak', 0.00, 1.00),
(2540, 85, 17, 33, 'Ya', 1.00, 1.00),
(2541, 85, 27, 54, 'Tidak', 0.00, 1.00),
(2542, 85, 8, 16, 'Tidak', 0.00, 1.00),
(2543, 85, 18, 35, 'Ya', 1.00, 1.00),
(2544, 85, 28, 55, 'Ya', 1.00, 1.00),
(2545, 85, 9, 18, 'Tidak', 0.00, 1.00),
(2546, 85, 19, 37, 'Ya', 1.00, 1.00),
(2547, 85, 29, 57, 'Ya', 1.00, 1.00),
(2548, 85, 10, 20, 'Tidak', 0.00, 1.00),
(2549, 85, 20, 40, 'Tidak', 0.00, 1.00),
(2550, 85, 30, 59, 'Ya', 1.00, 1.00),
(2551, 86, 1, 1, 'Ya', 1.00, 1.00),
(2552, 86, 11, 22, 'Tidak', 0.00, 1.00),
(2553, 86, 21, 41, 'Ya', 1.00, 1.00),
(2554, 86, 2, 4, 'Tidak', 0.00, 1.00),
(2555, 86, 12, 23, 'Ya', 1.00, 1.00),
(2556, 86, 22, 44, 'Tidak', 0.00, 1.00),
(2557, 86, 3, 5, 'Ya', 1.00, 1.00),
(2558, 86, 13, 25, 'Ya', 1.00, 1.00),
(2559, 86, 23, 45, 'Ya', 1.00, 1.00),
(2560, 86, 4, 7, 'Ya', 1.00, 1.00),
(2561, 86, 14, 27, 'Ya', 1.00, 1.00),
(2562, 86, 24, 48, 'Tidak', 0.00, 1.00),
(2563, 86, 5, 9, 'Ya', 1.00, 1.00),
(2564, 86, 15, 29, 'Ya', 1.00, 1.00),
(2565, 86, 25, 50, 'Tidak', 0.00, 1.00),
(2566, 86, 6, 11, 'Ya', 1.00, 1.00),
(2567, 86, 16, 32, 'Tidak', 0.00, 1.00),
(2568, 86, 26, 51, 'Ya', 1.00, 1.00),
(2569, 86, 7, 14, 'Tidak', 0.00, 1.00),
(2570, 86, 17, 34, 'Tidak', 0.00, 1.00),
(2571, 86, 27, 54, 'Tidak', 0.00, 1.00),
(2572, 86, 8, 16, 'Tidak', 0.00, 1.00),
(2573, 86, 18, 35, 'Ya', 1.00, 1.00),
(2574, 86, 28, 56, 'Tidak', 0.00, 1.00),
(2575, 86, 9, 18, 'Tidak', 0.00, 1.00),
(2576, 86, 19, 37, 'Ya', 1.00, 1.00),
(2577, 86, 29, 58, 'Tidak', 0.00, 1.00),
(2578, 86, 10, 20, 'Tidak', 0.00, 1.00),
(2579, 86, 20, 39, 'Ya', 1.00, 1.00),
(2580, 86, 30, 60, 'Tidak', 0.00, 1.00),
(2581, 87, 1, 2, 'Tidak', 0.00, 1.00),
(2582, 87, 11, 21, 'Ya', 1.00, 1.00),
(2583, 87, 21, 41, 'Ya', 1.00, 1.00),
(2584, 87, 2, 4, 'Tidak', 0.00, 1.00),
(2585, 87, 12, 23, 'Ya', 1.00, 1.00),
(2586, 87, 22, 43, 'Ya', 1.00, 1.00),
(2587, 87, 3, 6, 'Tidak', 0.00, 1.00),
(2588, 87, 13, 26, 'Tidak', 0.00, 1.00),
(2589, 87, 23, 45, 'Ya', 1.00, 1.00),
(2590, 87, 4, 8, 'Tidak', 0.00, 1.00),
(2591, 87, 14, 27, 'Ya', 1.00, 1.00),
(2592, 87, 24, 47, 'Ya', 1.00, 1.00),
(2593, 87, 5, 10, 'Tidak', 0.00, 1.00),
(2594, 87, 15, 30, 'Tidak', 0.00, 1.00),
(2595, 87, 25, 49, 'Ya', 1.00, 1.00),
(2596, 87, 6, 12, 'Tidak', 0.00, 1.00),
(2597, 87, 16, 32, 'Tidak', 0.00, 1.00),
(2598, 87, 26, 51, 'Ya', 1.00, 1.00),
(2599, 87, 7, 14, 'Tidak', 0.00, 1.00),
(2600, 87, 17, 34, 'Tidak', 0.00, 1.00),
(2601, 87, 27, 53, 'Ya', 1.00, 1.00),
(2602, 87, 8, 16, 'Tidak', 0.00, 1.00),
(2603, 87, 18, 35, 'Ya', 1.00, 1.00),
(2604, 87, 28, 56, 'Tidak', 0.00, 1.00),
(2605, 87, 9, 18, 'Tidak', 0.00, 1.00),
(2606, 87, 19, 37, 'Ya', 1.00, 1.00),
(2607, 87, 29, 57, 'Ya', 1.00, 1.00),
(2608, 87, 10, 20, 'Tidak', 0.00, 1.00),
(2609, 87, 20, 40, 'Tidak', 0.00, 1.00),
(2610, 87, 30, 59, 'Ya', 1.00, 1.00),
(2611, 88, 1, 2, 'Tidak', 0.00, 1.00),
(2612, 88, 11, 22, 'Tidak', 0.00, 1.00),
(2613, 88, 21, 41, 'Ya', 1.00, 1.00),
(2614, 88, 2, 4, 'Tidak', 0.00, 1.00),
(2615, 88, 12, 23, 'Ya', 1.00, 1.00),
(2616, 88, 22, 43, 'Ya', 1.00, 1.00),
(2617, 88, 3, 5, 'Ya', 1.00, 1.00),
(2618, 88, 13, 26, 'Tidak', 0.00, 1.00),
(2619, 88, 23, 45, 'Ya', 1.00, 1.00),
(2620, 88, 4, 8, 'Tidak', 0.00, 1.00),
(2621, 88, 14, 27, 'Ya', 1.00, 1.00),
(2622, 88, 24, 47, 'Ya', 1.00, 1.00),
(2623, 88, 5, 10, 'Tidak', 0.00, 1.00),
(2624, 88, 15, 29, 'Ya', 1.00, 1.00),
(2625, 88, 25, 49, 'Ya', 1.00, 1.00),
(2626, 88, 6, 12, 'Tidak', 0.00, 1.00),
(2627, 88, 16, 32, 'Tidak', 0.00, 1.00),
(2628, 88, 26, 51, 'Ya', 1.00, 1.00),
(2629, 88, 7, 14, 'Tidak', 0.00, 1.00),
(2630, 88, 17, 34, 'Tidak', 0.00, 1.00),
(2631, 88, 27, 54, 'Tidak', 0.00, 1.00),
(2632, 88, 8, 16, 'Tidak', 0.00, 1.00),
(2633, 88, 18, 36, 'Tidak', 0.00, 1.00),
(2634, 88, 28, 56, 'Tidak', 0.00, 1.00),
(2635, 88, 9, 18, 'Tidak', 0.00, 1.00),
(2636, 88, 19, 38, 'Tidak', 0.00, 1.00),
(2637, 88, 29, 58, 'Tidak', 0.00, 1.00),
(2638, 88, 10, 20, 'Tidak', 0.00, 1.00),
(2639, 88, 20, 40, 'Tidak', 0.00, 1.00),
(2640, 88, 30, 59, 'Ya', 1.00, 1.00),
(2641, 89, 1, 2, 'Tidak', 0.00, 1.00),
(2642, 89, 11, 21, 'Ya', 1.00, 1.00),
(2643, 89, 21, 41, 'Ya', 1.00, 1.00),
(2644, 89, 2, 4, 'Tidak', 0.00, 1.00),
(2645, 89, 12, 23, 'Ya', 1.00, 1.00),
(2646, 89, 22, 43, 'Ya', 1.00, 1.00),
(2647, 89, 3, 5, 'Ya', 1.00, 1.00),
(2648, 89, 13, 26, 'Tidak', 0.00, 1.00),
(2649, 89, 23, 45, 'Ya', 1.00, 1.00),
(2650, 89, 4, 8, 'Tidak', 0.00, 1.00),
(2651, 89, 14, 27, 'Ya', 1.00, 1.00),
(2652, 89, 24, 47, 'Ya', 1.00, 1.00),
(2653, 89, 5, 10, 'Tidak', 0.00, 1.00),
(2654, 89, 15, 29, 'Ya', 1.00, 1.00),
(2655, 89, 25, 50, 'Tidak', 0.00, 1.00),
(2656, 89, 6, 12, 'Tidak', 0.00, 1.00),
(2657, 89, 16, 31, 'Ya', 1.00, 1.00),
(2658, 89, 26, 52, 'Tidak', 0.00, 1.00),
(2659, 89, 7, 14, 'Tidak', 0.00, 1.00),
(2660, 89, 17, 34, 'Tidak', 0.00, 1.00),
(2661, 89, 27, 54, 'Tidak', 0.00, 1.00),
(2662, 89, 8, 16, 'Tidak', 0.00, 1.00),
(2663, 89, 18, 35, 'Ya', 1.00, 1.00),
(2664, 89, 28, 56, 'Tidak', 0.00, 1.00),
(2665, 89, 9, 18, 'Tidak', 0.00, 1.00),
(2666, 89, 19, 37, 'Ya', 1.00, 1.00),
(2667, 89, 29, 58, 'Tidak', 0.00, 1.00),
(2668, 89, 10, 20, 'Tidak', 0.00, 1.00),
(2669, 89, 20, 40, 'Tidak', 0.00, 1.00),
(2670, 89, 30, 60, 'Tidak', 0.00, 1.00),
(2671, 90, 1, 1, 'Ya', 1.00, 1.00),
(2672, 90, 11, 21, 'Ya', 1.00, 1.00),
(2673, 90, 21, 41, 'Ya', 1.00, 1.00),
(2674, 90, 2, 4, 'Tidak', 0.00, 1.00),
(2675, 90, 12, 23, 'Ya', 1.00, 1.00),
(2676, 90, 22, 43, 'Ya', 1.00, 1.00),
(2677, 90, 3, 5, 'Ya', 1.00, 1.00),
(2678, 90, 13, 25, 'Ya', 1.00, 1.00),
(2679, 90, 23, 45, 'Ya', 1.00, 1.00),
(2680, 90, 4, 8, 'Tidak', 0.00, 1.00),
(2681, 90, 14, 27, 'Ya', 1.00, 1.00),
(2682, 90, 24, 48, 'Tidak', 0.00, 1.00),
(2683, 90, 5, 10, 'Tidak', 0.00, 1.00),
(2684, 90, 15, 29, 'Ya', 1.00, 1.00),
(2685, 90, 25, 50, 'Tidak', 0.00, 1.00),
(2686, 90, 6, 12, 'Tidak', 0.00, 1.00),
(2687, 90, 16, 32, 'Tidak', 0.00, 1.00),
(2688, 90, 26, 51, 'Ya', 1.00, 1.00),
(2689, 90, 7, 14, 'Tidak', 0.00, 1.00),
(2690, 90, 17, 33, 'Ya', 1.00, 1.00),
(2691, 90, 27, 54, 'Tidak', 0.00, 1.00),
(2692, 90, 8, 16, 'Tidak', 0.00, 1.00),
(2693, 90, 18, 35, 'Ya', 1.00, 1.00),
(2694, 90, 28, 56, 'Tidak', 0.00, 1.00),
(2695, 90, 9, 18, 'Tidak', 0.00, 1.00),
(2696, 90, 19, 37, 'Ya', 1.00, 1.00),
(2697, 90, 29, 58, 'Tidak', 0.00, 1.00),
(2698, 90, 10, 20, 'Tidak', 0.00, 1.00),
(2699, 90, 20, 40, 'Tidak', 0.00, 1.00),
(2700, 90, 30, 59, 'Ya', 1.00, 1.00),
(2701, 91, 1, 1, 'Ya', 1.00, 1.00),
(2702, 91, 11, 21, 'Ya', 1.00, 1.00),
(2703, 91, 21, 41, 'Ya', 1.00, 1.00),
(2704, 91, 2, 4, 'Tidak', 0.00, 1.00),
(2705, 91, 12, 23, 'Ya', 1.00, 1.00),
(2706, 91, 22, 43, 'Ya', 1.00, 1.00),
(2707, 91, 3, 5, 'Ya', 1.00, 1.00),
(2708, 91, 13, 25, 'Ya', 1.00, 1.00),
(2709, 91, 23, 45, 'Ya', 1.00, 1.00),
(2710, 91, 4, 8, 'Tidak', 0.00, 1.00),
(2711, 91, 14, 27, 'Ya', 1.00, 1.00),
(2712, 91, 24, 48, 'Tidak', 0.00, 1.00),
(2713, 91, 5, 10, 'Tidak', 0.00, 1.00),
(2714, 91, 15, 29, 'Ya', 1.00, 1.00),
(2715, 91, 25, 50, 'Tidak', 0.00, 1.00),
(2716, 91, 6, 12, 'Tidak', 0.00, 1.00),
(2717, 91, 16, 32, 'Tidak', 0.00, 1.00),
(2718, 91, 26, 51, 'Ya', 1.00, 1.00),
(2719, 91, 7, 14, 'Tidak', 0.00, 1.00),
(2720, 91, 17, 33, 'Ya', 1.00, 1.00),
(2721, 91, 27, 54, 'Tidak', 0.00, 1.00),
(2722, 91, 8, 16, 'Tidak', 0.00, 1.00),
(2723, 91, 18, 35, 'Ya', 1.00, 1.00),
(2724, 91, 28, 56, 'Tidak', 0.00, 1.00),
(2725, 91, 9, 18, 'Tidak', 0.00, 1.00),
(2726, 91, 19, 37, 'Ya', 1.00, 1.00),
(2727, 91, 29, 58, 'Tidak', 0.00, 1.00),
(2728, 91, 10, 20, 'Tidak', 0.00, 1.00),
(2729, 91, 20, 40, 'Tidak', 0.00, 1.00),
(2730, 91, 30, 59, 'Ya', 1.00, 1.00),
(2731, 92, 1, 1, 'Ya', 1.00, 1.00),
(2732, 92, 11, 21, 'Ya', 1.00, 1.00),
(2733, 92, 21, 41, 'Ya', 1.00, 1.00),
(2734, 92, 2, 4, 'Tidak', 0.00, 1.00),
(2735, 92, 12, 23, 'Ya', 1.00, 1.00),
(2736, 92, 22, 43, 'Ya', 1.00, 1.00),
(2737, 92, 3, 6, 'Tidak', 0.00, 1.00),
(2738, 92, 13, 25, 'Ya', 1.00, 1.00),
(2739, 92, 23, 45, 'Ya', 1.00, 1.00),
(2740, 92, 4, 8, 'Tidak', 0.00, 1.00),
(2741, 92, 14, 27, 'Ya', 1.00, 1.00),
(2742, 92, 24, 48, 'Tidak', 0.00, 1.00),
(2743, 92, 5, 10, 'Tidak', 0.00, 1.00),
(2744, 92, 15, 29, 'Ya', 1.00, 1.00),
(2745, 92, 25, 50, 'Tidak', 0.00, 1.00),
(2746, 92, 6, 12, 'Tidak', 0.00, 1.00),
(2747, 92, 16, 32, 'Tidak', 0.00, 1.00),
(2748, 92, 26, 51, 'Ya', 1.00, 1.00),
(2749, 92, 7, 14, 'Tidak', 0.00, 1.00),
(2750, 92, 17, 33, 'Ya', 1.00, 1.00),
(2751, 92, 27, 54, 'Tidak', 0.00, 1.00),
(2752, 92, 8, 16, 'Tidak', 0.00, 1.00),
(2753, 92, 18, 35, 'Ya', 1.00, 1.00),
(2754, 92, 28, 56, 'Tidak', 0.00, 1.00),
(2755, 92, 9, 18, 'Tidak', 0.00, 1.00),
(2756, 92, 19, 37, 'Ya', 1.00, 1.00),
(2757, 92, 29, 58, 'Tidak', 0.00, 1.00),
(2758, 92, 10, 20, 'Tidak', 0.00, 1.00),
(2759, 92, 20, 40, 'Tidak', 0.00, 1.00),
(2760, 92, 30, 59, 'Ya', 1.00, 1.00),
(2761, 93, 1, 1, 'Ya', 1.00, 1.00),
(2762, 93, 11, 21, 'Ya', 1.00, 1.00);
INSERT INTO `assessment_answers` (`id`, `submission_id`, `question_id`, `question_option_id`, `answer`, `score_value`, `max_score_value`) VALUES
(2763, 93, 21, 41, 'Ya', 1.00, 1.00),
(2764, 93, 2, 4, 'Tidak', 0.00, 1.00),
(2765, 93, 12, 23, 'Ya', 1.00, 1.00),
(2766, 93, 22, 43, 'Ya', 1.00, 1.00),
(2767, 93, 3, 5, 'Ya', 1.00, 1.00),
(2768, 93, 13, 26, 'Tidak', 0.00, 1.00),
(2769, 93, 23, 45, 'Ya', 1.00, 1.00),
(2770, 93, 4, 8, 'Tidak', 0.00, 1.00),
(2771, 93, 14, 28, 'Tidak', 0.00, 1.00),
(2772, 93, 24, 48, 'Tidak', 0.00, 1.00),
(2773, 93, 5, 10, 'Tidak', 0.00, 1.00),
(2774, 93, 15, 29, 'Ya', 1.00, 1.00),
(2775, 93, 25, 49, 'Ya', 1.00, 1.00),
(2776, 93, 6, 12, 'Tidak', 0.00, 1.00),
(2777, 93, 16, 32, 'Tidak', 0.00, 1.00),
(2778, 93, 26, 51, 'Ya', 1.00, 1.00),
(2779, 93, 7, 14, 'Tidak', 0.00, 1.00),
(2780, 93, 17, 33, 'Ya', 1.00, 1.00),
(2781, 93, 27, 54, 'Tidak', 0.00, 1.00),
(2782, 93, 8, 16, 'Tidak', 0.00, 1.00),
(2783, 93, 18, 36, 'Tidak', 0.00, 1.00),
(2784, 93, 28, 56, 'Tidak', 0.00, 1.00),
(2785, 93, 9, 18, 'Tidak', 0.00, 1.00),
(2786, 93, 19, 37, 'Ya', 1.00, 1.00),
(2787, 93, 29, 58, 'Tidak', 0.00, 1.00),
(2788, 93, 10, 20, 'Tidak', 0.00, 1.00),
(2789, 93, 20, 40, 'Tidak', 0.00, 1.00),
(2790, 93, 30, 60, 'Tidak', 0.00, 1.00),
(2791, 94, 1, 1, 'Ya', 1.00, 1.00),
(2792, 94, 11, 22, 'Tidak', 0.00, 1.00),
(2793, 94, 21, 42, 'Tidak', 0.00, 1.00),
(2794, 94, 2, 3, 'Ya', 1.00, 1.00),
(2795, 94, 12, 24, 'Tidak', 0.00, 1.00),
(2796, 94, 22, 44, 'Tidak', 0.00, 1.00),
(2797, 94, 3, 5, 'Ya', 1.00, 1.00),
(2798, 94, 13, 26, 'Tidak', 0.00, 1.00),
(2799, 94, 23, 46, 'Tidak', 0.00, 1.00),
(2800, 94, 4, 7, 'Ya', 1.00, 1.00),
(2801, 94, 14, 28, 'Tidak', 0.00, 1.00),
(2802, 94, 24, 48, 'Tidak', 0.00, 1.00),
(2803, 94, 5, 9, 'Ya', 1.00, 1.00),
(2804, 94, 15, 30, 'Tidak', 0.00, 1.00),
(2805, 94, 25, 50, 'Tidak', 0.00, 1.00),
(2806, 94, 6, 11, 'Ya', 1.00, 1.00),
(2807, 94, 16, 32, 'Tidak', 0.00, 1.00),
(2808, 94, 26, 52, 'Tidak', 0.00, 1.00),
(2809, 94, 7, 13, 'Ya', 1.00, 1.00),
(2810, 94, 17, 34, 'Tidak', 0.00, 1.00),
(2811, 94, 27, 54, 'Tidak', 0.00, 1.00),
(2812, 94, 8, 15, 'Ya', 1.00, 1.00),
(2813, 94, 18, 36, 'Tidak', 0.00, 1.00),
(2814, 94, 28, 56, 'Tidak', 0.00, 1.00),
(2815, 94, 9, 17, 'Ya', 1.00, 1.00),
(2816, 94, 19, 38, 'Tidak', 0.00, 1.00),
(2817, 94, 29, 58, 'Tidak', 0.00, 1.00),
(2818, 94, 10, 19, 'Ya', 1.00, 1.00),
(2819, 94, 20, 40, 'Tidak', 0.00, 1.00),
(2820, 94, 30, 60, 'Tidak', 0.00, 1.00),
(2821, 95, 1, 1, 'Ya', 1.00, 1.00),
(2822, 95, 11, 22, 'Tidak', 0.00, 1.00),
(2823, 95, 21, 41, 'Ya', 1.00, 1.00),
(2824, 95, 2, 3, 'Ya', 1.00, 1.00),
(2825, 95, 12, 23, 'Ya', 1.00, 1.00),
(2826, 95, 22, 43, 'Ya', 1.00, 1.00),
(2827, 95, 3, 5, 'Ya', 1.00, 1.00),
(2828, 95, 13, 26, 'Tidak', 0.00, 1.00),
(2829, 95, 23, 45, 'Ya', 1.00, 1.00),
(2830, 95, 4, 8, 'Tidak', 0.00, 1.00),
(2831, 95, 14, 27, 'Ya', 1.00, 1.00),
(2832, 95, 24, 48, 'Tidak', 0.00, 1.00),
(2833, 95, 5, 10, 'Tidak', 0.00, 1.00),
(2834, 95, 15, 29, 'Ya', 1.00, 1.00),
(2835, 95, 25, 50, 'Tidak', 0.00, 1.00),
(2836, 95, 6, 12, 'Tidak', 0.00, 1.00),
(2837, 95, 16, 31, 'Ya', 1.00, 1.00),
(2838, 95, 26, 51, 'Ya', 1.00, 1.00),
(2839, 95, 7, 14, 'Tidak', 0.00, 1.00),
(2840, 95, 17, 34, 'Tidak', 0.00, 1.00),
(2841, 95, 27, 53, 'Ya', 1.00, 1.00),
(2842, 95, 8, 15, 'Ya', 1.00, 1.00),
(2843, 95, 18, 36, 'Tidak', 0.00, 1.00),
(2844, 95, 28, 56, 'Tidak', 0.00, 1.00),
(2845, 95, 9, 17, 'Ya', 1.00, 1.00),
(2846, 95, 19, 38, 'Tidak', 0.00, 1.00),
(2847, 95, 29, 57, 'Ya', 1.00, 1.00),
(2848, 95, 10, 19, 'Ya', 1.00, 1.00),
(2849, 95, 20, 40, 'Tidak', 0.00, 1.00),
(2850, 95, 30, 60, 'Tidak', 0.00, 1.00),
(2881, 97, 1, 1, 'Ya', 1.00, 1.00),
(2882, 97, 11, 22, 'Tidak', 0.00, 1.00),
(2883, 97, 21, 41, 'Ya', 1.00, 1.00),
(2884, 97, 2, 4, 'Tidak', 0.00, 1.00),
(2885, 97, 12, 24, 'Tidak', 0.00, 1.00),
(2886, 97, 22, 44, 'Tidak', 0.00, 1.00),
(2887, 97, 3, 5, 'Ya', 1.00, 1.00),
(2888, 97, 13, 26, 'Tidak', 0.00, 1.00),
(2889, 97, 23, 45, 'Ya', 1.00, 1.00),
(2890, 97, 4, 7, 'Ya', 1.00, 1.00),
(2891, 97, 14, 27, 'Ya', 1.00, 1.00),
(2892, 97, 24, 47, 'Ya', 1.00, 1.00),
(2893, 97, 5, 10, 'Tidak', 0.00, 1.00),
(2894, 97, 15, 29, 'Ya', 1.00, 1.00),
(2895, 97, 25, 49, 'Ya', 1.00, 1.00),
(2896, 97, 6, 11, 'Ya', 1.00, 1.00),
(2897, 97, 16, 32, 'Tidak', 0.00, 1.00),
(2898, 97, 26, 51, 'Ya', 1.00, 1.00),
(2899, 97, 7, 14, 'Tidak', 0.00, 1.00),
(2900, 97, 17, 34, 'Tidak', 0.00, 1.00),
(2901, 97, 27, 54, 'Tidak', 0.00, 1.00),
(2902, 97, 8, 16, 'Tidak', 0.00, 1.00),
(2903, 97, 18, 35, 'Ya', 1.00, 1.00),
(2904, 97, 28, 56, 'Tidak', 0.00, 1.00),
(2905, 97, 9, 18, 'Tidak', 0.00, 1.00),
(2906, 97, 19, 37, 'Ya', 1.00, 1.00),
(2907, 97, 29, 57, 'Ya', 1.00, 1.00),
(2908, 97, 10, 19, 'Ya', 1.00, 1.00),
(2909, 97, 20, 39, 'Ya', 1.00, 1.00),
(2910, 97, 30, 60, 'Tidak', 0.00, 1.00),
(2911, 98, 1, 1, 'Ya', 1.00, 1.00),
(2912, 98, 11, 22, 'Tidak', 0.00, 1.00),
(2913, 98, 21, 41, 'Ya', 1.00, 1.00),
(2914, 98, 2, 3, 'Ya', 1.00, 1.00),
(2915, 98, 12, 24, 'Tidak', 0.00, 1.00),
(2916, 98, 22, 44, 'Tidak', 0.00, 1.00),
(2917, 98, 3, 5, 'Ya', 1.00, 1.00),
(2918, 98, 13, 26, 'Tidak', 0.00, 1.00),
(2919, 98, 23, 46, 'Tidak', 0.00, 1.00),
(2920, 98, 4, 8, 'Tidak', 0.00, 1.00),
(2921, 98, 14, 27, 'Ya', 1.00, 1.00),
(2922, 98, 24, 48, 'Tidak', 0.00, 1.00),
(2923, 98, 5, 9, 'Ya', 1.00, 1.00),
(2924, 98, 15, 30, 'Tidak', 0.00, 1.00),
(2925, 98, 25, 49, 'Ya', 1.00, 1.00),
(2926, 98, 6, 12, 'Tidak', 0.00, 1.00),
(2927, 98, 16, 32, 'Tidak', 0.00, 1.00),
(2928, 98, 26, 52, 'Tidak', 0.00, 1.00),
(2929, 98, 7, 14, 'Tidak', 0.00, 1.00),
(2930, 98, 17, 34, 'Tidak', 0.00, 1.00),
(2931, 98, 27, 54, 'Tidak', 0.00, 1.00),
(2932, 98, 8, 15, 'Ya', 1.00, 1.00),
(2933, 98, 18, 36, 'Tidak', 0.00, 1.00),
(2934, 98, 28, 56, 'Tidak', 0.00, 1.00),
(2935, 98, 9, 17, 'Ya', 1.00, 1.00),
(2936, 98, 19, 38, 'Tidak', 0.00, 1.00),
(2937, 98, 29, 58, 'Tidak', 0.00, 1.00),
(2938, 98, 10, 19, 'Ya', 1.00, 1.00),
(2939, 98, 20, 40, 'Tidak', 0.00, 1.00),
(2940, 98, 30, 60, 'Tidak', 0.00, 1.00),
(2941, 99, 1, 1, 'Ya', 1.00, 1.00),
(2942, 99, 11, 22, 'Tidak', 0.00, 1.00),
(2943, 99, 21, 41, 'Ya', 1.00, 1.00),
(2944, 99, 2, 3, 'Ya', 1.00, 1.00),
(2945, 99, 12, 23, 'Ya', 1.00, 1.00),
(2946, 99, 22, 43, 'Ya', 1.00, 1.00),
(2947, 99, 3, 5, 'Ya', 1.00, 1.00),
(2948, 99, 13, 25, 'Ya', 1.00, 1.00),
(2949, 99, 23, 46, 'Tidak', 0.00, 1.00),
(2950, 99, 4, 7, 'Ya', 1.00, 1.00),
(2951, 99, 14, 27, 'Ya', 1.00, 1.00),
(2952, 99, 24, 47, 'Ya', 1.00, 1.00),
(2953, 99, 5, 9, 'Ya', 1.00, 1.00),
(2954, 99, 15, 29, 'Ya', 1.00, 1.00),
(2955, 99, 25, 50, 'Tidak', 0.00, 1.00),
(2956, 99, 6, 12, 'Tidak', 0.00, 1.00),
(2957, 99, 16, 31, 'Ya', 1.00, 1.00),
(2958, 99, 26, 51, 'Ya', 1.00, 1.00),
(2959, 99, 7, 14, 'Tidak', 0.00, 1.00),
(2960, 99, 17, 33, 'Ya', 1.00, 1.00),
(2961, 99, 27, 54, 'Tidak', 0.00, 1.00),
(2962, 99, 8, 15, 'Ya', 1.00, 1.00),
(2963, 99, 18, 35, 'Ya', 1.00, 1.00),
(2964, 99, 28, 56, 'Tidak', 0.00, 1.00),
(2965, 99, 9, 17, 'Ya', 1.00, 1.00),
(2966, 99, 19, 37, 'Ya', 1.00, 1.00),
(2967, 99, 29, 58, 'Tidak', 0.00, 1.00),
(2968, 99, 10, 19, 'Ya', 1.00, 1.00),
(2969, 99, 20, 39, 'Ya', 1.00, 1.00),
(2970, 99, 30, 59, 'Ya', 1.00, 1.00),
(2971, 100, 1, 2, 'Tidak', 0.00, 1.00),
(2972, 100, 11, 21, 'Ya', 1.00, 1.00),
(2973, 100, 21, 41, 'Ya', 1.00, 1.00),
(2974, 100, 2, 4, 'Tidak', 0.00, 1.00),
(2975, 100, 12, 23, 'Ya', 1.00, 1.00),
(2976, 100, 22, 44, 'Tidak', 0.00, 1.00),
(2977, 100, 3, 6, 'Tidak', 0.00, 1.00),
(2978, 100, 13, 26, 'Tidak', 0.00, 1.00),
(2979, 100, 23, 45, 'Ya', 1.00, 1.00),
(2980, 100, 4, 8, 'Tidak', 0.00, 1.00),
(2981, 100, 14, 27, 'Ya', 1.00, 1.00),
(2982, 100, 24, 47, 'Ya', 1.00, 1.00),
(2983, 100, 5, 10, 'Tidak', 0.00, 1.00),
(2984, 100, 15, 29, 'Ya', 1.00, 1.00),
(2985, 100, 25, 49, 'Ya', 1.00, 1.00),
(2986, 100, 6, 12, 'Tidak', 0.00, 1.00),
(2987, 100, 16, 32, 'Tidak', 0.00, 1.00),
(2988, 100, 26, 51, 'Ya', 1.00, 1.00),
(2989, 100, 7, 14, 'Tidak', 0.00, 1.00),
(2990, 100, 17, 34, 'Tidak', 0.00, 1.00),
(2991, 100, 27, 54, 'Tidak', 0.00, 1.00),
(2992, 100, 8, 16, 'Tidak', 0.00, 1.00),
(2993, 100, 18, 35, 'Ya', 1.00, 1.00),
(2994, 100, 28, 56, 'Tidak', 0.00, 1.00),
(2995, 100, 9, 18, 'Tidak', 0.00, 1.00),
(2996, 100, 19, 37, 'Ya', 1.00, 1.00),
(2997, 100, 29, 58, 'Tidak', 0.00, 1.00),
(2998, 100, 10, 20, 'Tidak', 0.00, 1.00),
(2999, 100, 20, 40, 'Tidak', 0.00, 1.00),
(3000, 100, 30, 60, 'Tidak', 0.00, 1.00),
(3001, 101, 1, 1, 'Ya', 1.00, 1.00),
(3002, 101, 11, 21, 'Ya', 1.00, 1.00),
(3003, 101, 21, 42, 'Tidak', 0.00, 1.00),
(3004, 101, 2, 4, 'Tidak', 0.00, 1.00),
(3005, 101, 12, 23, 'Ya', 1.00, 1.00),
(3006, 101, 22, 44, 'Tidak', 0.00, 1.00),
(3007, 101, 3, 5, 'Ya', 1.00, 1.00),
(3008, 101, 13, 25, 'Ya', 1.00, 1.00),
(3009, 101, 23, 46, 'Tidak', 0.00, 1.00),
(3010, 101, 4, 8, 'Tidak', 0.00, 1.00),
(3011, 101, 14, 28, 'Tidak', 0.00, 1.00),
(3012, 101, 24, 48, 'Tidak', 0.00, 1.00),
(3013, 101, 5, 10, 'Tidak', 0.00, 1.00),
(3014, 101, 15, 29, 'Ya', 1.00, 1.00),
(3015, 101, 25, 50, 'Tidak', 0.00, 1.00),
(3016, 101, 6, 12, 'Tidak', 0.00, 1.00),
(3017, 101, 16, 31, 'Ya', 1.00, 1.00),
(3018, 101, 26, 51, 'Ya', 1.00, 1.00),
(3019, 101, 7, 14, 'Tidak', 0.00, 1.00),
(3020, 101, 17, 33, 'Ya', 1.00, 1.00),
(3021, 101, 27, 54, 'Tidak', 0.00, 1.00),
(3022, 101, 8, 16, 'Tidak', 0.00, 1.00),
(3023, 101, 18, 35, 'Ya', 1.00, 1.00),
(3024, 101, 28, 56, 'Tidak', 0.00, 1.00),
(3025, 101, 9, 18, 'Tidak', 0.00, 1.00),
(3026, 101, 19, 37, 'Ya', 1.00, 1.00),
(3027, 101, 29, 58, 'Tidak', 0.00, 1.00),
(3028, 101, 10, 20, 'Tidak', 0.00, 1.00),
(3029, 101, 20, 40, 'Tidak', 0.00, 1.00),
(3030, 101, 30, 60, 'Tidak', 0.00, 1.00),
(3031, 102, 1, 1, 'Ya', 1.00, 1.00),
(3032, 102, 11, 21, 'Ya', 1.00, 1.00),
(3033, 102, 21, 41, 'Ya', 1.00, 1.00),
(3034, 102, 2, 4, 'Tidak', 0.00, 1.00),
(3035, 102, 12, 23, 'Ya', 1.00, 1.00),
(3036, 102, 22, 43, 'Ya', 1.00, 1.00),
(3037, 102, 3, 5, 'Ya', 1.00, 1.00),
(3038, 102, 13, 25, 'Ya', 1.00, 1.00),
(3039, 102, 23, 45, 'Ya', 1.00, 1.00),
(3040, 102, 4, 8, 'Tidak', 0.00, 1.00),
(3041, 102, 14, 27, 'Ya', 1.00, 1.00),
(3042, 102, 24, 48, 'Tidak', 0.00, 1.00),
(3043, 102, 5, 10, 'Tidak', 0.00, 1.00),
(3044, 102, 15, 29, 'Ya', 1.00, 1.00),
(3045, 102, 25, 50, 'Tidak', 0.00, 1.00),
(3046, 102, 6, 12, 'Tidak', 0.00, 1.00),
(3047, 102, 16, 31, 'Ya', 1.00, 1.00),
(3048, 102, 26, 52, 'Tidak', 0.00, 1.00),
(3049, 102, 7, 14, 'Tidak', 0.00, 1.00),
(3050, 102, 17, 34, 'Tidak', 0.00, 1.00),
(3051, 102, 27, 54, 'Tidak', 0.00, 1.00),
(3052, 102, 8, 15, 'Ya', 1.00, 1.00),
(3053, 102, 18, 35, 'Ya', 1.00, 1.00),
(3054, 102, 28, 56, 'Tidak', 0.00, 1.00),
(3055, 102, 9, 18, 'Tidak', 0.00, 1.00),
(3056, 102, 19, 38, 'Tidak', 0.00, 1.00),
(3057, 102, 29, 58, 'Tidak', 0.00, 1.00),
(3058, 102, 10, 20, 'Tidak', 0.00, 1.00),
(3059, 102, 20, 40, 'Tidak', 0.00, 1.00),
(3060, 102, 30, 60, 'Tidak', 0.00, 1.00),
(3061, 103, 1, 1, 'Ya', 1.00, 1.00),
(3062, 103, 11, 21, 'Ya', 1.00, 1.00),
(3063, 103, 21, 41, 'Ya', 1.00, 1.00),
(3064, 103, 2, 4, 'Tidak', 0.00, 1.00),
(3065, 103, 12, 23, 'Ya', 1.00, 1.00),
(3066, 103, 22, 44, 'Tidak', 0.00, 1.00),
(3067, 103, 3, 5, 'Ya', 1.00, 1.00),
(3068, 103, 13, 25, 'Ya', 1.00, 1.00),
(3069, 103, 23, 46, 'Tidak', 0.00, 1.00),
(3070, 103, 4, 7, 'Ya', 1.00, 1.00),
(3071, 103, 14, 27, 'Ya', 1.00, 1.00),
(3072, 103, 24, 47, 'Ya', 1.00, 1.00),
(3073, 103, 5, 10, 'Tidak', 0.00, 1.00),
(3074, 103, 15, 29, 'Ya', 1.00, 1.00),
(3075, 103, 25, 50, 'Tidak', 0.00, 1.00),
(3076, 103, 6, 12, 'Tidak', 0.00, 1.00),
(3077, 103, 16, 31, 'Ya', 1.00, 1.00),
(3078, 103, 26, 52, 'Tidak', 0.00, 1.00),
(3079, 103, 7, 14, 'Tidak', 0.00, 1.00),
(3080, 103, 17, 34, 'Tidak', 0.00, 1.00),
(3081, 103, 27, 54, 'Tidak', 0.00, 1.00),
(3082, 103, 8, 16, 'Tidak', 0.00, 1.00),
(3083, 103, 18, 36, 'Tidak', 0.00, 1.00),
(3084, 103, 28, 56, 'Tidak', 0.00, 1.00),
(3085, 103, 9, 18, 'Tidak', 0.00, 1.00),
(3086, 103, 19, 38, 'Tidak', 0.00, 1.00),
(3087, 103, 29, 58, 'Tidak', 0.00, 1.00),
(3088, 103, 10, 20, 'Tidak', 0.00, 1.00),
(3089, 103, 20, 40, 'Tidak', 0.00, 1.00),
(3090, 103, 30, 60, 'Tidak', 0.00, 1.00),
(3091, 104, 1, 2, 'Tidak', 0.00, 1.00),
(3092, 104, 11, 21, 'Ya', 1.00, 1.00),
(3093, 104, 21, 41, 'Ya', 1.00, 1.00),
(3094, 104, 2, 4, 'Tidak', 0.00, 1.00),
(3095, 104, 12, 23, 'Ya', 1.00, 1.00),
(3096, 104, 22, 43, 'Ya', 1.00, 1.00),
(3097, 104, 3, 5, 'Ya', 1.00, 1.00),
(3098, 104, 13, 25, 'Ya', 1.00, 1.00),
(3099, 104, 23, 45, 'Ya', 1.00, 1.00),
(3100, 104, 4, 8, 'Tidak', 0.00, 1.00),
(3101, 104, 14, 27, 'Ya', 1.00, 1.00),
(3102, 104, 24, 48, 'Tidak', 0.00, 1.00),
(3103, 104, 5, 10, 'Tidak', 0.00, 1.00),
(3104, 104, 15, 29, 'Ya', 1.00, 1.00),
(3105, 104, 25, 49, 'Ya', 1.00, 1.00),
(3106, 104, 6, 11, 'Ya', 1.00, 1.00),
(3107, 104, 16, 31, 'Ya', 1.00, 1.00),
(3108, 104, 26, 51, 'Ya', 1.00, 1.00),
(3109, 104, 7, 14, 'Tidak', 0.00, 1.00),
(3110, 104, 17, 33, 'Ya', 1.00, 1.00),
(3111, 104, 27, 53, 'Ya', 1.00, 1.00),
(3112, 104, 8, 16, 'Tidak', 0.00, 1.00),
(3113, 104, 18, 35, 'Ya', 1.00, 1.00),
(3114, 104, 28, 55, 'Ya', 1.00, 1.00),
(3115, 104, 9, 18, 'Tidak', 0.00, 1.00),
(3116, 104, 19, 37, 'Ya', 1.00, 1.00),
(3117, 104, 29, 57, 'Ya', 1.00, 1.00),
(3118, 104, 10, 20, 'Tidak', 0.00, 1.00),
(3119, 104, 20, 39, 'Ya', 1.00, 1.00),
(3120, 104, 30, 59, 'Ya', 1.00, 1.00),
(3121, 105, 1, 2, 'Tidak', 0.00, 1.00),
(3122, 105, 11, 22, 'Tidak', 0.00, 1.00),
(3123, 105, 21, 41, 'Ya', 1.00, 1.00),
(3124, 105, 2, 3, 'Ya', 1.00, 1.00),
(3125, 105, 12, 24, 'Tidak', 0.00, 1.00),
(3126, 105, 22, 44, 'Tidak', 0.00, 1.00),
(3127, 105, 3, 6, 'Tidak', 0.00, 1.00),
(3128, 105, 13, 26, 'Tidak', 0.00, 1.00),
(3129, 105, 23, 46, 'Tidak', 0.00, 1.00),
(3130, 105, 4, 8, 'Tidak', 0.00, 1.00),
(3131, 105, 14, 28, 'Tidak', 0.00, 1.00),
(3132, 105, 24, 48, 'Tidak', 0.00, 1.00),
(3133, 105, 5, 9, 'Ya', 1.00, 1.00),
(3134, 105, 15, 29, 'Ya', 1.00, 1.00),
(3135, 105, 25, 49, 'Ya', 1.00, 1.00),
(3136, 105, 6, 12, 'Tidak', 0.00, 1.00),
(3137, 105, 16, 32, 'Tidak', 0.00, 1.00),
(3138, 105, 26, 52, 'Tidak', 0.00, 1.00),
(3139, 105, 7, 14, 'Tidak', 0.00, 1.00),
(3140, 105, 17, 34, 'Tidak', 0.00, 1.00),
(3141, 105, 27, 54, 'Tidak', 0.00, 1.00),
(3142, 105, 8, 16, 'Tidak', 0.00, 1.00),
(3143, 105, 18, 36, 'Tidak', 0.00, 1.00),
(3144, 105, 28, 56, 'Tidak', 0.00, 1.00),
(3145, 105, 9, 18, 'Tidak', 0.00, 1.00),
(3146, 105, 19, 38, 'Tidak', 0.00, 1.00),
(3147, 105, 29, 58, 'Tidak', 0.00, 1.00),
(3148, 105, 10, 20, 'Tidak', 0.00, 1.00),
(3149, 105, 20, 40, 'Tidak', 0.00, 1.00),
(3150, 105, 30, 60, 'Tidak', 0.00, 1.00),
(3151, 106, 1, 1, 'Ya', 1.00, 1.00),
(3152, 106, 11, 21, 'Ya', 1.00, 1.00),
(3153, 106, 21, 41, 'Ya', 1.00, 1.00),
(3154, 106, 2, 3, 'Ya', 1.00, 1.00),
(3155, 106, 12, 23, 'Ya', 1.00, 1.00),
(3156, 106, 22, 44, 'Tidak', 0.00, 1.00),
(3157, 106, 3, 6, 'Tidak', 0.00, 1.00),
(3158, 106, 13, 26, 'Tidak', 0.00, 1.00),
(3159, 106, 23, 45, 'Ya', 1.00, 1.00),
(3160, 106, 4, 7, 'Ya', 1.00, 1.00),
(3161, 106, 14, 28, 'Tidak', 0.00, 1.00),
(3162, 106, 24, 48, 'Tidak', 0.00, 1.00),
(3163, 106, 5, 9, 'Ya', 1.00, 1.00),
(3164, 106, 15, 29, 'Ya', 1.00, 1.00),
(3165, 106, 25, 50, 'Tidak', 0.00, 1.00),
(3166, 106, 6, 11, 'Ya', 1.00, 1.00),
(3167, 106, 16, 31, 'Ya', 1.00, 1.00),
(3168, 106, 26, 52, 'Tidak', 0.00, 1.00),
(3169, 106, 7, 13, 'Ya', 1.00, 1.00),
(3170, 106, 17, 33, 'Ya', 1.00, 1.00),
(3171, 106, 27, 54, 'Tidak', 0.00, 1.00),
(3172, 106, 8, 16, 'Tidak', 0.00, 1.00),
(3173, 106, 18, 36, 'Tidak', 0.00, 1.00),
(3174, 106, 28, 56, 'Tidak', 0.00, 1.00),
(3175, 106, 9, 17, 'Ya', 1.00, 1.00),
(3176, 106, 19, 38, 'Tidak', 0.00, 1.00),
(3177, 106, 29, 58, 'Tidak', 0.00, 1.00),
(3178, 106, 10, 19, 'Ya', 1.00, 1.00),
(3179, 106, 20, 40, 'Tidak', 0.00, 1.00),
(3180, 106, 30, 60, 'Tidak', 0.00, 1.00),
(3181, 107, 1, 1, 'Ya', 1.00, 1.00),
(3182, 107, 11, 22, 'Tidak', 0.00, 1.00),
(3183, 107, 21, 41, 'Ya', 1.00, 1.00),
(3184, 107, 2, 3, 'Ya', 1.00, 1.00),
(3185, 107, 12, 23, 'Ya', 1.00, 1.00),
(3186, 107, 22, 44, 'Tidak', 0.00, 1.00),
(3187, 107, 3, 5, 'Ya', 1.00, 1.00),
(3188, 107, 13, 25, 'Ya', 1.00, 1.00),
(3189, 107, 23, 45, 'Ya', 1.00, 1.00),
(3190, 107, 4, 7, 'Ya', 1.00, 1.00),
(3191, 107, 14, 27, 'Ya', 1.00, 1.00),
(3192, 107, 24, 48, 'Tidak', 0.00, 1.00),
(3193, 107, 5, 10, 'Tidak', 0.00, 1.00),
(3194, 107, 15, 29, 'Ya', 1.00, 1.00),
(3195, 107, 25, 50, 'Tidak', 0.00, 1.00),
(3196, 107, 6, 11, 'Ya', 1.00, 1.00),
(3197, 107, 16, 31, 'Ya', 1.00, 1.00),
(3198, 107, 26, 52, 'Tidak', 0.00, 1.00),
(3199, 107, 7, 14, 'Tidak', 0.00, 1.00),
(3200, 107, 17, 34, 'Tidak', 0.00, 1.00),
(3201, 107, 27, 54, 'Tidak', 0.00, 1.00),
(3202, 107, 8, 15, 'Ya', 1.00, 1.00),
(3203, 107, 18, 35, 'Ya', 1.00, 1.00),
(3204, 107, 28, 56, 'Tidak', 0.00, 1.00),
(3205, 107, 9, 17, 'Ya', 1.00, 1.00),
(3206, 107, 19, 38, 'Tidak', 0.00, 1.00),
(3207, 107, 29, 58, 'Tidak', 0.00, 1.00),
(3208, 107, 10, 19, 'Ya', 1.00, 1.00),
(3209, 107, 20, 40, 'Tidak', 0.00, 1.00),
(3210, 107, 30, 60, 'Tidak', 0.00, 1.00),
(3211, 108, 1, 2, 'Tidak', 0.00, 1.00),
(3212, 108, 11, 21, 'Ya', 1.00, 1.00),
(3213, 108, 21, 41, 'Ya', 1.00, 1.00),
(3214, 108, 2, 4, 'Tidak', 0.00, 1.00),
(3215, 108, 12, 23, 'Ya', 1.00, 1.00),
(3216, 108, 22, 43, 'Ya', 1.00, 1.00),
(3217, 108, 3, 5, 'Ya', 1.00, 1.00),
(3218, 108, 13, 25, 'Ya', 1.00, 1.00),
(3219, 108, 23, 45, 'Ya', 1.00, 1.00),
(3220, 108, 4, 8, 'Tidak', 0.00, 1.00),
(3221, 108, 14, 27, 'Ya', 1.00, 1.00),
(3222, 108, 24, 47, 'Ya', 1.00, 1.00),
(3223, 108, 5, 10, 'Tidak', 0.00, 1.00),
(3224, 108, 15, 29, 'Ya', 1.00, 1.00),
(3225, 108, 25, 49, 'Ya', 1.00, 1.00),
(3226, 108, 6, 12, 'Tidak', 0.00, 1.00),
(3227, 108, 16, 31, 'Ya', 1.00, 1.00),
(3228, 108, 26, 51, 'Ya', 1.00, 1.00),
(3229, 108, 7, 14, 'Tidak', 0.00, 1.00),
(3230, 108, 17, 34, 'Tidak', 0.00, 1.00),
(3231, 108, 27, 54, 'Tidak', 0.00, 1.00),
(3232, 108, 8, 16, 'Tidak', 0.00, 1.00),
(3233, 108, 18, 35, 'Ya', 1.00, 1.00),
(3234, 108, 28, 56, 'Tidak', 0.00, 1.00),
(3235, 108, 9, 18, 'Tidak', 0.00, 1.00),
(3236, 108, 19, 37, 'Ya', 1.00, 1.00),
(3237, 108, 29, 57, 'Ya', 1.00, 1.00),
(3238, 108, 10, 20, 'Tidak', 0.00, 1.00),
(3239, 108, 20, 40, 'Tidak', 0.00, 1.00),
(3240, 108, 30, 60, 'Tidak', 0.00, 1.00),
(3241, 109, 1, 2, 'Tidak', 0.00, 1.00),
(3242, 109, 11, 22, 'Tidak', 0.00, 1.00),
(3243, 109, 21, 41, 'Ya', 1.00, 1.00),
(3244, 109, 2, 4, 'Tidak', 0.00, 1.00),
(3245, 109, 12, 23, 'Ya', 1.00, 1.00),
(3246, 109, 22, 44, 'Tidak', 0.00, 1.00),
(3247, 109, 3, 6, 'Tidak', 0.00, 1.00),
(3248, 109, 13, 25, 'Ya', 1.00, 1.00),
(3249, 109, 23, 45, 'Ya', 1.00, 1.00),
(3250, 109, 4, 8, 'Tidak', 0.00, 1.00),
(3251, 109, 14, 27, 'Ya', 1.00, 1.00),
(3252, 109, 24, 48, 'Tidak', 0.00, 1.00),
(3253, 109, 5, 10, 'Tidak', 0.00, 1.00),
(3254, 109, 15, 30, 'Tidak', 0.00, 1.00),
(3255, 109, 25, 49, 'Ya', 1.00, 1.00),
(3256, 109, 6, 12, 'Tidak', 0.00, 1.00),
(3257, 109, 16, 32, 'Tidak', 0.00, 1.00),
(3258, 109, 26, 51, 'Ya', 1.00, 1.00),
(3259, 109, 7, 14, 'Tidak', 0.00, 1.00),
(3260, 109, 17, 34, 'Tidak', 0.00, 1.00),
(3261, 109, 27, 53, 'Ya', 1.00, 1.00),
(3262, 109, 8, 16, 'Tidak', 0.00, 1.00),
(3263, 109, 18, 35, 'Ya', 1.00, 1.00),
(3264, 109, 28, 56, 'Tidak', 0.00, 1.00),
(3265, 109, 9, 18, 'Tidak', 0.00, 1.00),
(3266, 109, 19, 38, 'Tidak', 0.00, 1.00),
(3267, 109, 29, 58, 'Tidak', 0.00, 1.00),
(3268, 109, 10, 20, 'Tidak', 0.00, 1.00),
(3269, 109, 20, 39, 'Ya', 1.00, 1.00),
(3270, 109, 30, 60, 'Tidak', 0.00, 1.00);

-- --------------------------------------------------------

--
-- Table structure for table `assessment_batches`
--

CREATE TABLE `assessment_batches` (
  `id` bigint UNSIGNED NOT NULL,
  `batch_name` varchar(100) COLLATE utf8mb4_unicode_ci NOT NULL,
  `description` text COLLATE utf8mb4_unicode_ci,
  `is_active` tinyint(1) NOT NULL DEFAULT '0',
  `start_date` date DEFAULT NULL,
  `end_date` date DEFAULT NULL,
  `created_at` timestamp NULL DEFAULT NULL,
  `updated_at` timestamp NULL DEFAULT NULL
) ENGINE=InnoDB DEFAULT CHARSET=utf8mb4 COLLATE=utf8mb4_unicode_ci;

--
-- Dumping data for table `assessment_batches`
--

INSERT INTO `assessment_batches` (`id`, `batch_name`, `description`, `is_active`, `start_date`, `end_date`, `created_at`, `updated_at`) VALUES
(1, 'Batch 1', 'Batch awal asesmen.', 0, NULL, NULL, '2026-04-11 09:22:04', '2026-04-20 13:40:44'),
(2, 'Batch 2', NULL, 1, '2026-04-27', '2026-04-30', '2026-04-20 13:40:44', '2026-04-20 13:40:44');

-- --------------------------------------------------------

--
-- Table structure for table `assessment_questions`
--

CREATE TABLE `assessment_questions` (
  `id` bigint UNSIGNED NOT NULL,
  `batch_id` bigint UNSIGNED DEFAULT NULL,
  `category_id` bigint UNSIGNED NOT NULL,
  `question_text` text COLLATE utf8mb4_unicode_ci NOT NULL,
  `question_order` int DEFAULT NULL,
  `is_active` tinyint(1) NOT NULL DEFAULT '1',
  `created_at` timestamp NULL DEFAULT NULL,
  `updated_at` timestamp NULL DEFAULT NULL
) ENGINE=InnoDB DEFAULT CHARSET=utf8mb4 COLLATE=utf8mb4_unicode_ci;

--
-- Dumping data for table `assessment_questions`
--

INSERT INTO `assessment_questions` (`id`, `batch_id`, `category_id`, `question_text`, `question_order`, `is_active`, `created_at`, `updated_at`) VALUES
(1, 1, 1, 'Apakah Anda tertarik dengan teknologi HTML, CSS, dan JavaScript?', 1, 1, '2026-04-11 09:22:14', '2026-04-11 09:22:14'),
(2, 1, 1, 'Apakah Anda menyukai mencocokkan logic dan problem solving dalam programming?', 2, 1, '2026-04-11 09:22:14', '2026-04-11 09:22:14'),
(3, 1, 1, 'Apakah Anda tertarik mendesain dan membuat website yang menarik?', 3, 1, '2026-04-11 09:22:14', '2026-04-11 09:22:14'),
(4, 1, 1, 'Apakah Anda bersedia mempelajari database dan backend programming?', 4, 1, '2026-04-11 09:22:14', '2026-04-11 09:22:14'),
(5, 1, 1, 'Apakah Anda tertarik mempelajari framework seperti Laravel, React, atau Vue.js?', 5, 1, '2026-04-11 09:22:14', '2026-04-11 09:22:14'),
(6, 1, 1, 'Apakah Anda suka mengoptimalkan performa website dan kecepatan loading?', 6, 1, '2026-04-11 09:22:14', '2026-04-11 09:22:14'),
(7, 1, 1, 'Apakah Anda mampu memahami dan menggunakan API dalam pembuatan website?', 7, 1, '2026-04-11 09:22:14', '2026-04-11 09:22:14'),
(8, 1, 1, 'Apakah Anda tertarik dengan responsive design dan mobile-first approach?', 8, 1, '2026-04-11 09:22:14', '2026-04-11 09:22:14'),
(9, 1, 1, 'Apakah Anda bersedia bekerja dengan version control seperti Git?', 9, 1, '2026-04-11 09:22:14', '2026-04-11 09:22:14'),
(10, 1, 1, 'Apakah Anda tertarik dengan debugging dan testing kode secara menyeluruh?', 10, 1, '2026-04-11 09:22:14', '2026-04-11 09:22:14'),
(11, 1, 2, 'Apakah Anda terbiasa menangani pekerjaan administratif dan dokumentasi?', 1, 1, '2026-04-11 09:22:14', '2026-04-11 09:22:14'),
(12, 1, 2, 'Apakah Anda rapi dan teliti dalam pekerjaan?', 2, 1, '2026-04-11 09:22:14', '2026-04-11 09:22:14'),
(13, 1, 2, 'Apakah Anda menyukai bekerja dengan data dan laporan perusahaan?', 3, 1, '2026-04-11 09:22:14', '2026-04-11 09:22:14'),
(14, 1, 2, 'Apakah Anda mampu berkomunikasi dengan baik di depan pimpinan?', 4, 1, '2026-04-11 09:22:14', '2026-04-11 09:22:14'),
(15, 1, 2, 'Apakah Anda terbiasa menggunakan Microsoft Office (Word, Excel, PowerPoint)?', 5, 1, '2026-04-11 09:22:14', '2026-04-11 09:22:14'),
(16, 1, 2, 'Apakah Anda cepat dalam mengetik dan entry data?', 6, 1, '2026-04-11 09:22:14', '2026-04-11 09:22:14'),
(17, 1, 2, 'Apakah Anda suka mengorganisir file dan sistem dokumentasi?', 7, 1, '2026-04-11 09:22:14', '2026-04-11 09:22:14'),
(18, 1, 2, 'Apakah Anda mampu menangani telepon dan tamu dengan profesional?', 8, 1, '2026-04-11 09:22:14', '2026-04-11 09:22:14'),
(19, 1, 2, 'Apakah Anda terbiasa membuat surat menyurat bisnis yang formal?', 9, 1, '2026-04-11 09:22:14', '2026-04-11 09:22:14'),
(20, 1, 2, 'Apakah Anda mampu mengelola agenda dan jadwal meeting pimpinan?', 10, 1, '2026-04-11 09:22:14', '2026-04-11 09:22:14'),
(21, 1, 3, 'Apakah Anda tertarik dengan dunia digital marketing dan media sosial?', 1, 1, '2026-04-11 09:22:14', '2026-04-11 09:22:14'),
(22, 1, 3, 'Apakah Anda kreatif dalam membuat konten visual dan copywriting?', 2, 1, '2026-04-11 09:22:14', '2026-04-11 09:22:14'),
(23, 1, 3, 'Apakah Anda aktif di berbagai platform media sosial?', 3, 1, '2026-04-11 09:22:14', '2026-04-11 09:22:14'),
(24, 1, 3, 'Apakah Anda mampu berkomunikasi dengan audiens secara engaging?', 4, 1, '2026-04-11 09:22:14', '2026-04-11 09:22:14'),
(25, 1, 3, 'Apakah Anda tertarik dengan fotografi dan videografi untuk konten?', 5, 1, '2026-04-11 09:22:14', '2026-04-11 09:22:14'),
(26, 1, 3, 'Apakah Anda mampu menggunakan Photoshop atau Canva untuk desain?', 6, 1, '2026-04-11 09:22:14', '2026-04-11 09:22:14'),
(27, 1, 3, 'Apakah Anda mengerti tentang analytics dan metrics performa konten?', 7, 1, '2026-04-11 09:22:14', '2026-04-11 09:22:14'),
(28, 1, 3, 'Apakah Anda tertarik dengan SEO dan optimasi mesin pencari?', 8, 1, '2026-04-11 09:22:14', '2026-04-11 09:22:14'),
(29, 1, 3, 'Apakah Anda paham tentang advertising dan sponsored content?', 9, 1, '2026-04-11 09:22:14', '2026-04-11 09:22:14'),
(30, 1, 3, 'Apakah Anda suka brainstorming ide kampanye kreatif?', 10, 1, '2026-04-11 09:22:14', '2026-04-11 09:22:14');

-- --------------------------------------------------------

--
-- Table structure for table `assessment_question_options`
--

CREATE TABLE `assessment_question_options` (
  `id` bigint UNSIGNED NOT NULL,
  `question_id` bigint UNSIGNED NOT NULL,
  `option_text` varchar(150) COLLATE utf8mb4_unicode_ci NOT NULL,
  `option_score` decimal(8,2) NOT NULL DEFAULT '0.00',
  `option_order` int DEFAULT NULL,
  `is_active` tinyint(1) NOT NULL DEFAULT '1',
  `created_at` timestamp NULL DEFAULT NULL,
  `updated_at` timestamp NULL DEFAULT NULL
) ENGINE=InnoDB DEFAULT CHARSET=utf8mb4 COLLATE=utf8mb4_unicode_ci;

--
-- Dumping data for table `assessment_question_options`
--

INSERT INTO `assessment_question_options` (`id`, `question_id`, `option_text`, `option_score`, `option_order`, `is_active`, `created_at`, `updated_at`) VALUES
(1, 1, 'Ya', 1.00, 1, 1, '2026-04-11 09:22:14', '2026-04-11 09:22:14'),
(2, 1, 'Tidak', 0.00, 2, 1, '2026-04-11 09:22:14', '2026-04-11 09:22:14'),
(3, 2, 'Ya', 1.00, 1, 1, '2026-04-11 09:22:14', '2026-04-11 09:22:14'),
(4, 2, 'Tidak', 0.00, 2, 1, '2026-04-11 09:22:14', '2026-04-11 09:22:14'),
(5, 3, 'Ya', 1.00, 1, 1, '2026-04-11 09:22:14', '2026-04-11 09:22:14'),
(6, 3, 'Tidak', 0.00, 2, 1, '2026-04-11 09:22:14', '2026-04-11 09:22:14'),
(7, 4, 'Ya', 1.00, 1, 1, '2026-04-11 09:22:14', '2026-04-11 09:22:14'),
(8, 4, 'Tidak', 0.00, 2, 1, '2026-04-11 09:22:14', '2026-04-11 09:22:14'),
(9, 5, 'Ya', 1.00, 1, 1, '2026-04-11 09:22:14', '2026-04-11 09:22:14'),
(10, 5, 'Tidak', 0.00, 2, 1, '2026-04-11 09:22:14', '2026-04-11 09:22:14'),
(11, 6, 'Ya', 1.00, 1, 1, '2026-04-11 09:22:14', '2026-04-11 09:22:14'),
(12, 6, 'Tidak', 0.00, 2, 1, '2026-04-11 09:22:14', '2026-04-11 09:22:14'),
(13, 7, 'Ya', 1.00, 1, 1, '2026-04-11 09:22:14', '2026-04-11 09:22:14'),
(14, 7, 'Tidak', 0.00, 2, 1, '2026-04-11 09:22:14', '2026-04-11 09:22:14'),
(15, 8, 'Ya', 1.00, 1, 1, '2026-04-11 09:22:14', '2026-04-11 09:22:14'),
(16, 8, 'Tidak', 0.00, 2, 1, '2026-04-11 09:22:14', '2026-04-11 09:22:14'),
(17, 9, 'Ya', 1.00, 1, 1, '2026-04-11 09:22:14', '2026-04-11 09:22:14'),
(18, 9, 'Tidak', 0.00, 2, 1, '2026-04-11 09:22:14', '2026-04-11 09:22:14'),
(19, 10, 'Ya', 1.00, 1, 1, '2026-04-11 09:22:14', '2026-04-11 09:22:14'),
(20, 10, 'Tidak', 0.00, 2, 1, '2026-04-11 09:22:14', '2026-04-11 09:22:14'),
(21, 11, 'Ya', 1.00, 1, 1, '2026-04-11 09:22:14', '2026-04-11 09:22:14'),
(22, 11, 'Tidak', 0.00, 2, 1, '2026-04-11 09:22:14', '2026-04-11 09:22:14'),
(23, 12, 'Ya', 1.00, 1, 1, '2026-04-11 09:22:14', '2026-04-11 09:22:14'),
(24, 12, 'Tidak', 0.00, 2, 1, '2026-04-11 09:22:14', '2026-04-11 09:22:14'),
(25, 13, 'Ya', 1.00, 1, 1, '2026-04-11 09:22:14', '2026-04-11 09:22:14'),
(26, 13, 'Tidak', 0.00, 2, 1, '2026-04-11 09:22:14', '2026-04-11 09:22:14'),
(27, 14, 'Ya', 1.00, 1, 1, '2026-04-11 09:22:14', '2026-04-11 09:22:14'),
(28, 14, 'Tidak', 0.00, 2, 1, '2026-04-11 09:22:14', '2026-04-11 09:22:14'),
(29, 15, 'Ya', 1.00, 1, 1, '2026-04-11 09:22:14', '2026-04-11 09:22:14'),
(30, 15, 'Tidak', 0.00, 2, 1, '2026-04-11 09:22:14', '2026-04-11 09:22:14'),
(31, 16, 'Ya', 1.00, 1, 1, '2026-04-11 09:22:14', '2026-04-11 09:22:14'),
(32, 16, 'Tidak', 0.00, 2, 1, '2026-04-11 09:22:14', '2026-04-11 09:22:14'),
(33, 17, 'Ya', 1.00, 1, 1, '2026-04-11 09:22:14', '2026-04-11 09:22:14'),
(34, 17, 'Tidak', 0.00, 2, 1, '2026-04-11 09:22:14', '2026-04-11 09:22:14'),
(35, 18, 'Ya', 1.00, 1, 1, '2026-04-11 09:22:14', '2026-04-11 09:22:14'),
(36, 18, 'Tidak', 0.00, 2, 1, '2026-04-11 09:22:14', '2026-04-11 09:22:14'),
(37, 19, 'Ya', 1.00, 1, 1, '2026-04-11 09:22:14', '2026-04-11 09:22:14'),
(38, 19, 'Tidak', 0.00, 2, 1, '2026-04-11 09:22:14', '2026-04-11 09:22:14'),
(39, 20, 'Ya', 1.00, 1, 1, '2026-04-11 09:22:14', '2026-04-11 09:22:14'),
(40, 20, 'Tidak', 0.00, 2, 1, '2026-04-11 09:22:14', '2026-04-11 09:22:14'),
(41, 21, 'Ya', 1.00, 1, 1, '2026-04-11 09:22:14', '2026-04-11 09:22:14'),
(42, 21, 'Tidak', 0.00, 2, 1, '2026-04-11 09:22:14', '2026-04-11 09:22:14'),
(43, 22, 'Ya', 1.00, 1, 1, '2026-04-11 09:22:14', '2026-04-11 09:22:14'),
(44, 22, 'Tidak', 0.00, 2, 1, '2026-04-11 09:22:14', '2026-04-11 09:22:14'),
(45, 23, 'Ya', 1.00, 1, 1, '2026-04-11 09:22:14', '2026-04-11 09:22:14'),
(46, 23, 'Tidak', 0.00, 2, 1, '2026-04-11 09:22:14', '2026-04-11 09:22:14'),
(47, 24, 'Ya', 1.00, 1, 1, '2026-04-11 09:22:14', '2026-04-11 09:22:14'),
(48, 24, 'Tidak', 0.00, 2, 1, '2026-04-11 09:22:14', '2026-04-11 09:22:14'),
(49, 25, 'Ya', 1.00, 1, 1, '2026-04-11 09:22:14', '2026-04-11 09:22:14'),
(50, 25, 'Tidak', 0.00, 2, 1, '2026-04-11 09:22:14', '2026-04-11 09:22:14'),
(51, 26, 'Ya', 1.00, 1, 1, '2026-04-11 09:22:14', '2026-04-11 09:22:14'),
(52, 26, 'Tidak', 0.00, 2, 1, '2026-04-11 09:22:14', '2026-04-11 09:22:14'),
(53, 27, 'Ya', 1.00, 1, 1, '2026-04-11 09:22:14', '2026-04-11 09:22:14'),
(54, 27, 'Tidak', 0.00, 2, 1, '2026-04-11 09:22:14', '2026-04-11 09:22:14'),
(55, 28, 'Ya', 1.00, 1, 1, '2026-04-11 09:22:14', '2026-04-11 09:22:14'),
(56, 28, 'Tidak', 0.00, 2, 1, '2026-04-11 09:22:14', '2026-04-11 09:22:14'),
(57, 29, 'Ya', 1.00, 1, 1, '2026-04-11 09:22:14', '2026-04-11 09:22:14'),
(58, 29, 'Tidak', 0.00, 2, 1, '2026-04-11 09:22:14', '2026-04-11 09:22:14'),
(59, 30, 'Ya', 1.00, 1, 1, '2026-04-11 09:22:14', '2026-04-11 09:22:14'),
(60, 30, 'Tidak', 0.00, 2, 1, '2026-04-11 09:22:14', '2026-04-11 09:22:14');

-- --------------------------------------------------------

--
-- Table structure for table `assessment_recommendations`
--

CREATE TABLE `assessment_recommendations` (
  `id` bigint UNSIGNED NOT NULL,
  `submission_id` bigint UNSIGNED NOT NULL,
  `industry_id` bigint UNSIGNED NOT NULL,
  `score` decimal(5,2) DEFAULT NULL,
  `created_at` timestamp NULL DEFAULT NULL,
  `updated_at` timestamp NULL DEFAULT NULL
) ENGINE=InnoDB DEFAULT CHARSET=utf8mb4 COLLATE=utf8mb4_unicode_ci;

--
-- Dumping data for table `assessment_recommendations`
--

INSERT INTO `assessment_recommendations` (`id`, `submission_id`, `industry_id`, `score`, `created_at`, `updated_at`) VALUES
(1, 1, 3, 70.00, '2026-04-12 17:50:35', '2026-04-12 17:50:35'),
(2, 2, 2, 80.00, '2026-04-12 17:52:00', '2026-04-12 17:52:00'),
(3, 3, 3, 60.00, '2026-04-12 17:54:39', '2026-04-12 17:54:39'),
(4, 4, 3, 60.00, '2026-04-12 17:54:41', '2026-04-12 17:54:41'),
(5, 5, 2, 70.00, '2026-04-12 17:54:43', '2026-04-12 17:54:43'),
(6, 6, 2, 80.00, '2026-04-12 17:54:49', '2026-04-12 17:54:49'),
(7, 7, 1, 60.00, '2026-04-12 17:54:54', '2026-04-12 17:54:54'),
(8, 8, 1, 100.00, '2026-04-12 17:55:23', '2026-04-12 17:55:23'),
(9, 9, 2, 80.00, '2026-04-12 17:56:08', '2026-04-12 17:56:08'),
(10, 10, 2, 70.00, '2026-04-12 17:56:18', '2026-04-12 17:56:18'),
(11, 11, 1, 100.00, '2026-04-12 17:56:27', '2026-04-12 17:56:27'),
(12, 12, 3, 20.00, '2026-04-12 17:56:33', '2026-04-12 17:56:33'),
(13, 13, 3, 70.00, '2026-04-12 17:56:56', '2026-04-12 17:56:56'),
(14, 14, 2, 70.00, '2026-04-12 17:57:38', '2026-04-12 17:57:38'),
(15, 15, 1, 70.00, '2026-04-12 17:58:32', '2026-04-12 17:58:32'),
(16, 16, 2, 80.00, '2026-04-12 17:58:55', '2026-04-12 17:58:55'),
(17, 17, 1, 100.00, '2026-04-12 18:03:51', '2026-04-12 18:03:51'),
(18, 18, 2, 100.00, '2026-04-12 18:04:11', '2026-04-12 18:04:11'),
(19, 19, 2, 50.00, '2026-04-12 18:04:14', '2026-04-12 18:04:14'),
(20, 20, 2, 50.00, '2026-04-12 18:05:16', '2026-04-12 18:05:16'),
(21, 21, 3, 100.00, '2026-04-12 18:05:22', '2026-04-12 18:05:22'),
(22, 22, 3, 90.00, '2026-04-12 18:07:50', '2026-04-12 18:07:50'),
(23, 23, 2, 80.00, '2026-04-12 18:17:05', '2026-04-12 18:17:05'),
(24, 24, 2, 80.00, '2026-04-12 18:18:36', '2026-04-12 18:18:36'),
(25, 25, 1, 90.00, '2026-04-12 18:19:15', '2026-04-12 18:19:15'),
(26, 26, 2, 70.00, '2026-04-12 18:19:58', '2026-04-12 18:19:58'),
(27, 27, 2, 100.00, '2026-04-12 18:21:38', '2026-04-12 18:21:38'),
(28, 28, 1, 90.00, '2026-04-12 18:22:56', '2026-04-12 18:22:56'),
(29, 29, 2, 100.00, '2026-04-12 18:23:39', '2026-04-12 18:23:39'),
(30, 30, 1, 100.00, '2026-04-12 18:24:19', '2026-04-12 18:24:19'),
(31, 31, 2, 100.00, '2026-04-12 18:26:40', '2026-04-12 18:26:40'),
(32, 32, 2, 100.00, '2026-04-12 18:27:31', '2026-04-12 18:27:31'),
(33, 33, 3, 80.00, '2026-04-12 18:33:09', '2026-04-12 18:33:09'),
(34, 34, 2, 80.00, '2026-04-12 18:33:10', '2026-04-12 18:33:10'),
(35, 35, 2, 80.00, '2026-04-12 18:33:11', '2026-04-12 18:33:11'),
(36, 36, 2, 100.00, '2026-04-12 19:00:07', '2026-04-12 19:00:07'),
(37, 37, 1, 100.00, '2026-04-12 19:00:55', '2026-04-12 19:00:55'),
(38, 38, 2, 10.00, '2026-04-12 19:06:53', '2026-04-12 19:06:53'),
(39, 39, 1, 80.00, '2026-04-12 19:07:05', '2026-04-12 19:07:05'),
(40, 40, 1, 70.00, '2026-04-12 19:07:39', '2026-04-12 19:07:39'),
(41, 41, 2, 100.00, '2026-04-12 19:08:04', '2026-04-12 19:08:04'),
(42, 42, 3, 60.00, '2026-04-12 19:09:46', '2026-04-12 19:09:46'),
(43, 43, 3, 90.00, '2026-04-12 19:09:56', '2026-04-12 19:09:56'),
(44, 44, 1, 80.00, '2026-04-12 19:11:38', '2026-04-12 19:11:38'),
(45, 45, 2, 60.00, '2026-04-12 19:14:09', '2026-04-12 19:14:09'),
(46, 46, 3, 100.00, '2026-04-12 19:14:17', '2026-04-12 19:14:17'),
(47, 47, 2, 80.00, '2026-04-12 19:16:16', '2026-04-12 19:16:16'),
(48, 48, 1, 100.00, '2026-04-12 19:16:32', '2026-04-12 19:16:32'),
(49, 49, 3, 100.00, '2026-04-12 19:16:45', '2026-04-12 19:16:45'),
(50, 50, 2, 50.00, '2026-04-12 19:19:40', '2026-04-12 19:19:40'),
(51, 51, 3, 80.00, '2026-04-12 19:21:26', '2026-04-12 19:21:26'),
(52, 52, 3, 80.00, '2026-04-12 19:21:41', '2026-04-12 19:21:41'),
(53, 53, 3, 70.00, '2026-04-12 19:21:46', '2026-04-12 19:21:46'),
(54, 54, 3, 60.00, '2026-04-12 19:21:53', '2026-04-12 19:21:53'),
(55, 55, 2, 70.00, '2026-04-12 19:22:39', '2026-04-12 19:22:39'),
(56, 56, 3, 50.00, '2026-04-12 19:24:07', '2026-04-12 19:24:07'),
(57, 57, 3, 70.00, '2026-04-12 19:28:22', '2026-04-12 19:28:22'),
(58, 58, 3, 80.00, '2026-04-12 19:29:25', '2026-04-12 19:29:25'),
(59, 60, 2, 90.00, '2026-04-12 19:50:58', '2026-04-12 19:50:58'),
(60, 59, 2, 90.00, '2026-04-12 19:50:58', '2026-04-12 19:50:58'),
(61, 61, 2, 100.00, '2026-04-12 19:56:15', '2026-04-12 19:56:15'),
(62, 62, 2, 90.00, '2026-04-12 20:00:47', '2026-04-12 20:00:47'),
(63, 63, 2, 80.00, '2026-04-12 20:01:00', '2026-04-12 20:01:00'),
(64, 64, 2, 70.00, '2026-04-12 20:01:11', '2026-04-12 20:01:11'),
(65, 65, 2, 90.00, '2026-04-12 20:04:42', '2026-04-12 20:04:42'),
(66, 66, 3, 100.00, '2026-04-12 20:12:46', '2026-04-12 20:12:46'),
(67, 67, 3, 40.00, '2026-04-12 20:20:06', '2026-04-12 20:20:06'),
(68, 68, 1, 100.00, '2026-04-12 21:16:09', '2026-04-12 21:16:09'),
(69, 69, 2, 100.00, '2026-04-12 21:27:13', '2026-04-12 21:27:13'),
(70, 70, 2, 100.00, '2026-04-12 21:27:27', '2026-04-12 21:27:27'),
(71, 71, 2, 90.00, '2026-04-12 21:37:02', '2026-04-12 21:37:02'),
(72, 72, 2, 100.00, '2026-04-12 21:37:46', '2026-04-12 21:37:46'),
(73, 73, 2, 100.00, '2026-04-12 21:38:00', '2026-04-12 21:38:00'),
(74, 74, 3, 80.00, '2026-04-12 22:07:23', '2026-04-12 22:07:23'),
(75, 75, 2, 90.00, '2026-04-12 22:27:25', '2026-04-12 22:27:25'),
(76, 76, 2, 90.00, '2026-04-12 22:27:29', '2026-04-12 22:27:29'),
(78, 78, 1, 90.00, '2026-04-12 23:21:12', '2026-04-12 23:21:12'),
(79, 79, 3, 100.00, '2026-04-12 23:25:33', '2026-04-12 23:25:33'),
(80, 80, 3, 40.00, '2026-04-12 23:26:10', '2026-04-12 23:26:10'),
(81, 81, 3, 40.00, '2026-04-12 23:26:11', '2026-04-12 23:26:11'),
(82, 82, 3, 30.00, '2026-04-12 23:31:07', '2026-04-12 23:31:07'),
(83, 83, 2, 70.00, '2026-04-12 23:33:04', '2026-04-12 23:33:04'),
(84, 84, 3, 70.00, '2026-04-12 23:33:05', '2026-04-12 23:33:05'),
(85, 85, 3, 90.00, '2026-04-12 23:37:28', '2026-04-12 23:37:28'),
(86, 86, 2, 70.00, '2026-04-13 00:08:47', '2026-04-13 00:08:47'),
(87, 87, 3, 90.00, '2026-04-13 00:46:57', '2026-04-13 00:46:57'),
(88, 88, 3, 70.00, '2026-04-13 01:22:46', '2026-04-13 01:22:46'),
(89, 89, 2, 70.00, '2026-04-13 02:04:21', '2026-04-13 02:04:21'),
(90, 90, 2, 80.00, '2026-04-13 02:08:36', '2026-04-13 02:08:36'),
(91, 91, 2, 80.00, '2026-04-13 02:08:38', '2026-04-13 02:08:38'),
(92, 92, 2, 80.00, '2026-04-13 02:08:47', '2026-04-13 02:08:47'),
(93, 93, 2, 50.00, '2026-04-13 03:12:57', '2026-04-13 03:12:57'),
(94, 94, 1, 100.00, '2026-04-13 03:52:30', '2026-04-13 03:52:30'),
(95, 95, 3, 60.00, '2026-04-13 04:53:47', '2026-04-13 04:53:47'),
(97, 97, 3, 60.00, '2026-04-13 05:04:43', '2026-04-13 05:04:43'),
(98, 98, 1, 70.00, '2026-04-13 05:05:55', '2026-04-13 05:05:55'),
(99, 99, 2, 90.00, '2026-04-13 05:07:11', '2026-04-13 05:07:11'),
(100, 100, 2, 60.00, '2026-04-13 05:12:08', '2026-04-13 05:12:08'),
(101, 101, 2, 80.00, '2026-04-13 05:14:26', '2026-04-13 05:14:26'),
(102, 102, 2, 70.00, '2026-04-13 05:17:03', '2026-04-13 05:17:03'),
(103, 103, 2, 60.00, '2026-04-13 05:17:38', '2026-04-13 05:17:38'),
(104, 104, 2, 100.00, '2026-04-13 05:42:16', '2026-04-13 05:42:16'),
(105, 105, 3, 20.00, '2026-04-13 06:37:02', '2026-04-13 06:37:02'),
(106, 106, 1, 80.00, '2026-04-13 21:35:56', '2026-04-13 21:35:56'),
(107, 107, 1, 80.00, '2026-04-13 21:41:31', '2026-04-13 21:41:31'),
(108, 108, 2, 80.00, '2026-04-13 21:59:29', '2026-04-13 21:59:29'),
(109, 109, 2, 50.00, '2026-04-14 00:32:51', '2026-04-14 00:32:51');

-- --------------------------------------------------------

--
-- Table structure for table `assessment_submissions`
--

CREATE TABLE `assessment_submissions` (
  `id` bigint UNSIGNED NOT NULL,
  `batch_id` bigint UNSIGNED DEFAULT NULL,
  `student_id` bigint UNSIGNED NOT NULL,
  `submitted_at` timestamp NOT NULL DEFAULT CURRENT_TIMESTAMP
) ENGINE=InnoDB DEFAULT CHARSET=utf8mb4 COLLATE=utf8mb4_unicode_ci;

--
-- Dumping data for table `assessment_submissions`
--

INSERT INTO `assessment_submissions` (`id`, `batch_id`, `student_id`, `submitted_at`) VALUES
(1, 1, 16, '2026-04-12 17:50:35'),
(2, 1, 33, '2026-04-12 17:52:00'),
(3, 1, 39, '2026-04-12 17:54:39'),
(4, 1, 68, '2026-04-12 17:54:41'),
(5, 1, 40, '2026-04-12 17:54:43'),
(6, 1, 51, '2026-04-12 17:54:49'),
(7, 1, 10, '2026-04-12 17:54:54'),
(8, 1, 49, '2026-04-12 17:55:23'),
(9, 1, 76, '2026-04-12 17:56:08'),
(10, 1, 36, '2026-04-12 17:56:18'),
(11, 1, 71, '2026-04-12 17:56:27'),
(12, 1, 25, '2026-04-12 17:56:33'),
(13, 1, 59, '2026-04-12 17:56:56'),
(14, 1, 56, '2026-04-12 17:57:38'),
(15, 1, 92, '2026-04-12 17:58:31'),
(16, 1, 73, '2026-04-12 17:58:55'),
(17, 1, 29, '2026-04-12 18:03:51'),
(18, 1, 22, '2026-04-12 18:04:11'),
(19, 1, 26, '2026-04-12 18:04:14'),
(20, 1, 15, '2026-04-12 18:05:16'),
(21, 1, 28, '2026-04-12 18:05:22'),
(22, 1, 14, '2026-04-12 18:07:50'),
(23, 1, 38, '2026-04-12 18:17:05'),
(24, 1, 21, '2026-04-12 18:18:36'),
(25, 1, 98, '2026-04-12 18:19:15'),
(26, 1, 17, '2026-04-12 18:19:58'),
(27, 1, 78, '2026-04-12 18:21:38'),
(28, 1, 70, '2026-04-12 18:22:56'),
(29, 1, 48, '2026-04-12 18:23:39'),
(30, 1, 106, '2026-04-12 18:24:19'),
(31, 1, 67, '2026-04-12 18:26:40'),
(32, 1, 43, '2026-04-12 18:27:31'),
(33, 1, 97, '2026-04-12 18:33:09'),
(34, 1, 74, '2026-04-12 18:33:10'),
(35, 1, 60, '2026-04-12 18:33:11'),
(36, 1, 57, '2026-04-12 19:00:07'),
(37, 1, 11, '2026-04-12 19:00:55'),
(38, 1, 32, '2026-04-12 19:06:53'),
(39, 1, 96, '2026-04-12 19:07:04'),
(40, 1, 89, '2026-04-12 19:07:39'),
(41, 1, 108, '2026-04-12 19:08:04'),
(42, 1, 87, '2026-04-12 19:09:46'),
(43, 1, 80, '2026-04-12 19:09:56'),
(44, 1, 88, '2026-04-12 19:11:38'),
(45, 1, 94, '2026-04-12 19:14:09'),
(46, 1, 107, '2026-04-12 19:14:17'),
(47, 1, 81, '2026-04-12 19:16:16'),
(48, 1, 91, '2026-04-12 19:16:32'),
(49, 1, 101, '2026-04-12 19:16:45'),
(50, 1, 99, '2026-04-12 19:19:40'),
(51, 1, 85, '2026-04-12 19:21:26'),
(52, 1, 93, '2026-04-12 19:21:41'),
(53, 1, 109, '2026-04-12 19:21:46'),
(54, 1, 86, '2026-04-12 19:21:53'),
(55, 1, 102, '2026-04-12 19:22:39'),
(56, 1, 100, '2026-04-12 19:24:07'),
(57, 1, 90, '2026-04-12 19:28:22'),
(58, 1, 95, '2026-04-12 19:29:25'),
(59, 1, 111, '2026-04-12 19:50:58'),
(60, 1, 110, '2026-04-12 19:50:58'),
(61, 1, 13, '2026-04-12 19:56:15'),
(62, 1, 34, '2026-04-12 20:00:46'),
(63, 1, 37, '2026-04-12 20:01:00'),
(64, 1, 12, '2026-04-12 20:01:11'),
(65, 1, 18, '2026-04-12 20:04:42'),
(66, 1, 105, '2026-04-12 20:12:46'),
(67, 1, 19, '2026-04-12 20:20:06'),
(68, 1, 53, '2026-04-12 21:16:09'),
(69, 1, 41, '2026-04-12 21:27:13'),
(70, 1, 23, '2026-04-12 21:27:27'),
(71, 1, 50, '2026-04-12 21:37:01'),
(72, 1, 77, '2026-04-12 21:37:46'),
(73, 1, 65, '2026-04-12 21:38:00'),
(74, 1, 31, '2026-04-12 22:07:23'),
(75, 1, 8, '2026-04-12 22:27:25'),
(76, 1, 9, '2026-04-12 22:27:29'),
(78, 1, 35, '2026-04-12 23:21:12'),
(79, 1, 24, '2026-04-12 23:25:33'),
(80, 1, 55, '2026-04-12 23:26:10'),
(81, 1, 63, '2026-04-12 23:26:11'),
(82, 1, 84, '2026-04-12 23:31:07'),
(83, 1, 30, '2026-04-12 23:33:04'),
(84, 1, 54, '2026-04-12 23:33:05'),
(85, 1, 112, '2026-04-12 23:37:28'),
(86, 1, 45, '2026-04-13 00:08:47'),
(87, 1, 52, '2026-04-13 00:46:57'),
(88, 1, 79, '2026-04-13 01:22:46'),
(89, 1, 82, '2026-04-13 02:04:21'),
(90, 1, 113, '2026-04-13 02:08:36'),
(91, 1, 104, '2026-04-13 02:08:38'),
(92, 1, 114, '2026-04-13 02:08:47'),
(93, 1, 103, '2026-04-13 03:12:57'),
(94, 1, 61, '2026-04-13 03:52:30'),
(95, 1, 62, '2026-04-13 04:53:47'),
(97, 1, 58, '2026-04-13 05:04:43'),
(98, 1, 46, '2026-04-13 05:05:55'),
(99, 1, 75, '2026-04-13 05:07:11'),
(100, 1, 72, '2026-04-13 05:12:08'),
(101, 1, 69, '2026-04-13 05:14:26'),
(102, 1, 47, '2026-04-13 05:17:03'),
(103, 1, 44, '2026-04-13 05:17:38'),
(104, 1, 66, '2026-04-13 05:42:16'),
(105, 1, 42, '2026-04-13 06:37:02'),
(106, 1, 7, '2026-04-13 21:35:56'),
(107, 1, 27, '2026-04-13 21:41:31'),
(108, 1, 83, '2026-04-13 21:59:29'),
(109, 1, 20, '2026-04-14 00:32:51');

-- --------------------------------------------------------

--
-- Table structure for table `batch_two_ct_questions`
--

CREATE TABLE `batch_two_ct_questions` (
  `id` bigint UNSIGNED NOT NULL,
  `jenis_ct` varchar(255) COLLATE utf8mb4_unicode_ci NOT NULL,
  `narasi_soal` text COLLATE utf8mb4_unicode_ci NOT NULL,
  `level_kesulitan` enum('easy','medium','hard') COLLATE utf8mb4_unicode_ci NOT NULL DEFAULT 'medium',
  `is_active` tinyint(1) NOT NULL DEFAULT '1',
  `created_at` timestamp NULL DEFAULT NULL,
  `updated_at` timestamp NULL DEFAULT NULL
) ENGINE=InnoDB DEFAULT CHARSET=utf8mb4 COLLATE=utf8mb4_unicode_ci;

-- --------------------------------------------------------

--
-- Table structure for table `batch_two_ct_question_options`
--

CREATE TABLE `batch_two_ct_question_options` (
  `id` bigint UNSIGNED NOT NULL,
  `soal_id` bigint UNSIGNED NOT NULL,
  `label_opsi` varchar(5) COLLATE utf8mb4_unicode_ci NOT NULL,
  `teks_opsi` text COLLATE utf8mb4_unicode_ci NOT NULL,
  `bobot_web` tinyint UNSIGNED NOT NULL DEFAULT '0',
  `bobot_marketing` tinyint UNSIGNED NOT NULL DEFAULT '0',
  `bobot_admin` tinyint UNSIGNED NOT NULL DEFAULT '0',
  `is_active` tinyint(1) NOT NULL DEFAULT '1',
  `created_at` timestamp NULL DEFAULT NULL,
  `updated_at` timestamp NULL DEFAULT NULL
) ENGINE=InnoDB DEFAULT CHARSET=utf8mb4 COLLATE=utf8mb4_unicode_ci;

-- --------------------------------------------------------

--
-- Table structure for table `batch_two_ct_student_results`
--

CREATE TABLE `batch_two_ct_student_results` (
  `id` bigint UNSIGNED NOT NULL,
  `siswa_id` bigint UNSIGNED NOT NULL,
  `attempt_no` int UNSIGNED NOT NULL DEFAULT '1',
  `total_web` int UNSIGNED NOT NULL DEFAULT '0',
  `total_marketing` int UNSIGNED NOT NULL DEFAULT '0',
  `total_admin` int UNSIGNED NOT NULL DEFAULT '0',
  `persen_web` decimal(5,2) NOT NULL DEFAULT '0.00',
  `persen_marketing` decimal(5,2) NOT NULL DEFAULT '0.00',
  `persen_admin` decimal(5,2) NOT NULL DEFAULT '0.00',
  `rekomendasi` varchar(120) COLLATE utf8mb4_unicode_ci NOT NULL,
  `jawaban_json` longtext CHARACTER SET utf8mb4 COLLATE utf8mb4_bin,
  `submitted_at` timestamp NULL DEFAULT NULL,
  `created_at` timestamp NULL DEFAULT NULL,
  `updated_at` timestamp NULL DEFAULT NULL
) ;

-- --------------------------------------------------------

--
-- Table structure for table `cache`
--

CREATE TABLE `cache` (
  `key` varchar(255) COLLATE utf8mb4_unicode_ci NOT NULL,
  `value` mediumtext COLLATE utf8mb4_unicode_ci NOT NULL,
  `expiration` bigint NOT NULL
) ENGINE=InnoDB DEFAULT CHARSET=utf8mb4 COLLATE=utf8mb4_unicode_ci;

-- --------------------------------------------------------

--
-- Table structure for table `cache_locks`
--

CREATE TABLE `cache_locks` (
  `key` varchar(255) COLLATE utf8mb4_unicode_ci NOT NULL,
  `owner` varchar(255) COLLATE utf8mb4_unicode_ci NOT NULL,
  `expiration` bigint NOT NULL
) ENGINE=InnoDB DEFAULT CHARSET=utf8mb4 COLLATE=utf8mb4_unicode_ci;

-- --------------------------------------------------------

--
-- Table structure for table `classes`
--

CREATE TABLE `classes` (
  `id` bigint UNSIGNED NOT NULL,
  `class_name` varchar(50) COLLATE utf8mb4_unicode_ci NOT NULL,
  `created_at` timestamp NULL DEFAULT NULL,
  `updated_at` timestamp NULL DEFAULT NULL
) ENGINE=InnoDB DEFAULT CHARSET=utf8mb4 COLLATE=utf8mb4_unicode_ci;

--
-- Dumping data for table `classes`
--

INSERT INTO `classes` (`id`, `class_name`, `created_at`, `updated_at`) VALUES
(1, '11 PPLG 1', '2026-04-11 09:22:14', '2026-04-11 09:22:14'),
(2, '11 PPLG 2', '2026-04-11 09:22:14', '2026-04-11 09:22:14'),
(3, '11 PPLG 3', '2026-04-11 09:22:14', '2026-04-11 09:22:14'),
(4, 'XII RPL A', '2026-04-11 09:22:14', '2026-04-11 09:22:14'),
(5, 'XII RPL B', '2026-04-11 09:22:14', '2026-04-11 09:22:14'),
(6, 'XII BDP A', '2026-04-11 09:22:14', '2026-04-11 09:22:14'),
(7, 'XII MM A', '2026-04-11 09:22:14', '2026-04-11 09:22:14');

-- --------------------------------------------------------

--
-- Table structure for table `competency_categories`
--

CREATE TABLE `competency_categories` (
  `id` bigint UNSIGNED NOT NULL,
  `category_name` varchar(100) COLLATE utf8mb4_unicode_ci NOT NULL,
  `description` text COLLATE utf8mb4_unicode_ci,
  `icon` varchar(50) COLLATE utf8mb4_unicode_ci DEFAULT NULL,
  `created_at` timestamp NULL DEFAULT NULL,
  `updated_at` timestamp NULL DEFAULT NULL
) ENGINE=InnoDB DEFAULT CHARSET=utf8mb4 COLLATE=utf8mb4_unicode_ci;

--
-- Dumping data for table `competency_categories`
--

INSERT INTO `competency_categories` (`id`, `category_name`, `description`, `icon`, `created_at`, `updated_at`) VALUES
(1, 'Pemrograman', 'Skill teknis seperti HTML, CSS, JavaScript, database', '💻', '2026-04-11 09:22:14', '2026-04-11 09:22:14'),
(2, 'Administrasi', 'Kemampuan perkantoran, manajemen data, surat menyurat', '📋', '2026-04-11 09:22:14', '2026-04-11 09:22:14'),
(3, 'Digital Marketing', 'Desain grafis, media sosial, iklan digital, live host', '📱', '2026-04-11 09:22:14', '2026-04-11 09:22:14');

-- --------------------------------------------------------

--
-- Table structure for table `failed_jobs`
--

CREATE TABLE `failed_jobs` (
  `id` bigint UNSIGNED NOT NULL,
  `uuid` varchar(255) COLLATE utf8mb4_unicode_ci NOT NULL,
  `connection` text COLLATE utf8mb4_unicode_ci NOT NULL,
  `queue` text COLLATE utf8mb4_unicode_ci NOT NULL,
  `payload` longtext COLLATE utf8mb4_unicode_ci NOT NULL,
  `exception` longtext COLLATE utf8mb4_unicode_ci NOT NULL,
  `failed_at` timestamp NOT NULL DEFAULT CURRENT_TIMESTAMP
) ENGINE=InnoDB DEFAULT CHARSET=utf8mb4 COLLATE=utf8mb4_unicode_ci;

-- --------------------------------------------------------

--
-- Table structure for table `industries`
--

CREATE TABLE `industries` (
  `id` bigint UNSIGNED NOT NULL,
  `industry_name` varchar(100) COLLATE utf8mb4_unicode_ci NOT NULL,
  `description` text COLLATE utf8mb4_unicode_ci,
  `primary_competency` varchar(50) COLLATE utf8mb4_unicode_ci DEFAULT NULL,
  `secondary_competency` varchar(50) COLLATE utf8mb4_unicode_ci DEFAULT NULL,
  `created_at` timestamp NULL DEFAULT NULL,
  `updated_at` timestamp NULL DEFAULT NULL
) ENGINE=InnoDB DEFAULT CHARSET=utf8mb4 COLLATE=utf8mb4_unicode_ci;

--
-- Dumping data for table `industries`
--

INSERT INTO `industries` (`id`, `industry_name`, `description`, `primary_competency`, `secondary_competency`, `created_at`, `updated_at`) VALUES
(1, 'Pemrograman', 'Rekomendasi bidang pemrograman: pengembangan aplikasi, website, database, dan sistem informasi.', 'programming', 'marketing', '2026-04-11 09:22:14', '2026-04-11 09:22:14'),
(2, 'Administrasi', 'Rekomendasi bidang administrasi: pengarsipan, pengolahan data, dokumen, dan operasional perkantoran.', 'administration', 'marketing', '2026-04-11 09:22:14', '2026-04-11 09:22:14'),
(3, 'Digital Marketing', 'Rekomendasi bidang digital marketing: konten kreatif, media sosial, branding, dan promosi digital.', 'marketing', 'administration', '2026-04-11 09:22:14', '2026-04-11 09:22:14');

-- --------------------------------------------------------

--
-- Table structure for table `jobs`
--

CREATE TABLE `jobs` (
  `id` bigint UNSIGNED NOT NULL,
  `queue` varchar(255) COLLATE utf8mb4_unicode_ci NOT NULL,
  `payload` longtext COLLATE utf8mb4_unicode_ci NOT NULL,
  `attempts` tinyint UNSIGNED NOT NULL,
  `reserved_at` int UNSIGNED DEFAULT NULL,
  `available_at` int UNSIGNED NOT NULL,
  `created_at` int UNSIGNED NOT NULL
) ENGINE=InnoDB DEFAULT CHARSET=utf8mb4 COLLATE=utf8mb4_unicode_ci;

-- --------------------------------------------------------

--
-- Table structure for table `job_batches`
--

CREATE TABLE `job_batches` (
  `id` varchar(255) COLLATE utf8mb4_unicode_ci NOT NULL,
  `name` varchar(255) COLLATE utf8mb4_unicode_ci NOT NULL,
  `total_jobs` int NOT NULL,
  `pending_jobs` int NOT NULL,
  `failed_jobs` int NOT NULL,
  `failed_job_ids` longtext COLLATE utf8mb4_unicode_ci NOT NULL,
  `options` mediumtext COLLATE utf8mb4_unicode_ci,
  `cancelled_at` int DEFAULT NULL,
  `created_at` int NOT NULL,
  `finished_at` int DEFAULT NULL
) ENGINE=InnoDB DEFAULT CHARSET=utf8mb4 COLLATE=utf8mb4_unicode_ci;

-- --------------------------------------------------------

--
-- Table structure for table `migrations`
--

CREATE TABLE `migrations` (
  `id` int UNSIGNED NOT NULL,
  `migration` varchar(255) COLLATE utf8mb4_unicode_ci NOT NULL,
  `batch` int NOT NULL
) ENGINE=InnoDB DEFAULT CHARSET=utf8mb4 COLLATE=utf8mb4_unicode_ci;

--
-- Dumping data for table `migrations`
--

INSERT INTO `migrations` (`id`, `migration`, `batch`) VALUES
(1, '0001_01_01_000000_create_users_table', 1),
(2, '0001_01_01_000001_create_cache_table', 1),
(3, '0001_01_01_000002_create_jobs_table', 1),
(4, '2024_01_01_000001_create_classes_table', 1),
(5, '2024_01_01_000002_create_students_table', 1),
(6, '2024_01_01_000003_create_admins_table', 1),
(7, '2024_01_01_000004_create_competency_categories_table', 1),
(8, '2024_01_01_000005_create_assessment_questions_table', 1),
(9, '2024_01_01_000006_create_industries_table', 1),
(10, '2024_01_01_000007_create_assessment_submissions_table', 1),
(11, '2024_01_01_000008_create_assessment_answers_table', 1),
(12, '2024_01_01_000009_create_assessment_recommendations_table', 1),
(13, '2026_04_10_000010_create_assessment_batches_table', 1),
(14, '2026_04_10_000011_add_batch_to_assessment_questions_and_submissions', 1),
(15, '2026_04_10_000012_create_assessment_question_options_and_answer_scores', 1),
(16, '2026_04_11_000013_normalize_competency_category_names', 1),
(17, '2026_04_11_000014_normalize_industry_recommendations_to_core_fields', 1),
(18, '2026_04_21_000015_create_batch_two_ct_assessment_tables', 1),
(19, '2026_04_23_111809_change_jenis_ct_to_string_in_batch_two_ct_questions_table', 2);

-- --------------------------------------------------------

--
-- Table structure for table `password_reset_tokens`
--

CREATE TABLE `password_reset_tokens` (
  `email` varchar(255) COLLATE utf8mb4_unicode_ci NOT NULL,
  `token` varchar(255) COLLATE utf8mb4_unicode_ci NOT NULL,
  `created_at` timestamp NULL DEFAULT NULL
) ENGINE=InnoDB DEFAULT CHARSET=utf8mb4 COLLATE=utf8mb4_unicode_ci;

-- --------------------------------------------------------

--
-- Table structure for table `sessions`
--

CREATE TABLE `sessions` (
  `id` varchar(255) COLLATE utf8mb4_unicode_ci NOT NULL,
  `user_id` bigint UNSIGNED DEFAULT NULL,
  `ip_address` varchar(45) COLLATE utf8mb4_unicode_ci DEFAULT NULL,
  `user_agent` text COLLATE utf8mb4_unicode_ci,
  `payload` longtext COLLATE utf8mb4_unicode_ci NOT NULL,
  `last_activity` int NOT NULL
) ENGINE=InnoDB DEFAULT CHARSET=utf8mb4 COLLATE=utf8mb4_unicode_ci;

--
-- Dumping data for table `sessions`
--

INSERT INTO `sessions` (`id`, `user_id`, `ip_address`, `user_agent`, `payload`, `last_activity`) VALUES
('JAdtiS5YRuvSzhb3I4lBEra1Fo4EBr6yKqpme3w1', NULL, '127.0.0.1', 'Mozilla/5.0 (Windows NT 10.0; Win64; x64) AppleWebKit/537.36 (KHTML, like Gecko) Chrome/147.0.0.0 Safari/537.36', 'eyJfdG9rZW4iOiI0UThrT25mejlPdll2SmR1VTZRT2JKc3ZVa0RZQ3VabHY5TDQzZTB6IiwiX3ByZXZpb3VzIjp7InVybCI6Imh0dHA6XC9cLzEyNy4wLjAuMTo4MDAwXC9hZG1pblwvc3R1ZGVudHMiLCJyb3V0ZSI6ImFkbWluLnN0dWRlbnRzIn0sIl9mbGFzaCI6eyJvbGQiOltdLCJuZXciOltdfSwiYWRtaW5faWQiOjEsImFkbWluX25hbWUiOiJBZG1pbmlzdHJhdG9yIn0=', 1776943241);

-- --------------------------------------------------------

--
-- Table structure for table `students`
--

CREATE TABLE `students` (
  `id` bigint UNSIGNED NOT NULL,
  `class_id` bigint UNSIGNED NOT NULL,
  `full_name` varchar(100) COLLATE utf8mb4_unicode_ci NOT NULL,
  `student_number` varchar(50) COLLATE utf8mb4_unicode_ci DEFAULT NULL,
  `created_at` timestamp NULL DEFAULT NULL,
  `updated_at` timestamp NULL DEFAULT NULL
) ENGINE=InnoDB DEFAULT CHARSET=utf8mb4 COLLATE=utf8mb4_unicode_ci;

--
-- Dumping data for table `students`
--

INSERT INTO `students` (`id`, `class_id`, `full_name`, `student_number`, `created_at`, `updated_at`) VALUES
(7, 1, 'ABIEZARD GUNTUR ALGHIFARI', NULL, '2026-04-12 17:45:10', '2026-04-12 17:45:10'),
(8, 1, 'ACEF RIDWAN', NULL, '2026-04-12 17:45:10', '2026-04-12 17:45:10'),
(9, 1, 'ADHILOKA MUARA BAGJA', NULL, '2026-04-12 17:45:10', '2026-04-12 17:45:10'),
(10, 1, 'AM\'R ABDUL JABBAR AR ROYYAN', NULL, '2026-04-12 17:45:10', '2026-04-12 17:45:10'),
(11, 1, 'ANDIKA RAFIF MAULANA', NULL, '2026-04-12 17:45:10', '2026-04-12 17:45:10'),
(12, 1, 'ANNISA MAULIDA NURHIDAYAH', NULL, '2026-04-12 17:45:10', '2026-04-12 17:45:10'),
(13, 1, 'AQILA HASYA KIRANA', NULL, '2026-04-12 17:45:10', '2026-04-12 17:45:10'),
(14, 1, 'CLARESTA AULIA RADITHA', NULL, '2026-04-12 17:45:10', '2026-04-12 17:45:10'),
(15, 1, 'DAFFA ADITYA PUTRA', NULL, '2026-04-12 17:45:10', '2026-04-12 17:45:10'),
(16, 1, 'DEVIN  ARKANANTA', NULL, '2026-04-12 17:45:10', '2026-04-12 17:45:10'),
(17, 1, 'DHANDY FARDHAN', NULL, '2026-04-12 17:45:10', '2026-04-12 17:45:10'),
(18, 1, 'FEBI NUR AULIA', NULL, '2026-04-12 17:45:10', '2026-04-12 17:45:10'),
(19, 1, 'FIRDA AGUSTIN', NULL, '2026-04-12 17:45:10', '2026-04-12 17:45:10'),
(20, 1, 'GEVIN  ARKANA', NULL, '2026-04-12 17:45:10', '2026-04-12 17:45:10'),
(21, 1, 'GHINA OCTA FIKRIANI', NULL, '2026-04-12 17:45:10', '2026-04-12 17:45:10'),
(22, 1, 'IHSAN MAULANA ARDIANTO', NULL, '2026-04-12 17:45:10', '2026-04-12 17:45:10'),
(23, 1, 'LISA ZAIRA APRIANTY', NULL, '2026-04-12 17:45:10', '2026-04-12 17:45:10'),
(24, 1, 'M. RAMDAN SAPUTRA', NULL, '2026-04-12 17:45:10', '2026-04-12 17:45:10'),
(25, 1, 'MAHANTA RAMADHANY', NULL, '2026-04-12 17:45:10', '2026-04-12 17:45:10'),
(26, 1, 'MAHARDIKA RAFIQ', NULL, '2026-04-12 17:45:10', '2026-04-12 17:45:10'),
(27, 1, 'MUHAMAD ILHAM SETIAWAN', NULL, '2026-04-12 17:45:10', '2026-04-12 17:45:10'),
(28, 1, 'MUHAMAD KHAERUL UMAM', NULL, '2026-04-12 17:45:10', '2026-04-12 17:45:10'),
(29, 1, 'MUHAMMAD ABDEL RAZZA KHOIRIE', NULL, '2026-04-12 17:45:10', '2026-04-12 17:45:10'),
(30, 1, 'MUHAMMAD AKBAR ZHARATTE', NULL, '2026-04-12 17:45:10', '2026-04-12 17:45:10'),
(31, 1, 'MUHAMMAD VERY', NULL, '2026-04-12 17:45:10', '2026-04-12 17:45:10'),
(32, 1, 'MUHAMMAD WILDAN SANGDHIRGA', NULL, '2026-04-12 17:45:10', '2026-04-12 17:45:10'),
(33, 1, 'MUTIARA BALGIA', NULL, '2026-04-12 17:45:10', '2026-04-12 17:45:10'),
(34, 1, 'MUTIARA RAMADHANI', NULL, '2026-04-12 17:45:10', '2026-04-12 17:45:10'),
(35, 1, 'NABIL AL KAYSAN', NULL, '2026-04-12 17:45:10', '2026-04-12 17:45:10'),
(36, 1, 'NABILA SYAHPUTRI AMELIA', NULL, '2026-04-12 17:45:10', '2026-04-12 17:45:10'),
(37, 1, 'NOVA RIANA MOEDAKH', NULL, '2026-04-12 17:45:10', '2026-04-12 17:45:10'),
(38, 1, 'REISA NURAJMIA', NULL, '2026-04-12 17:45:10', '2026-04-12 17:45:10'),
(39, 1, 'RENDY WIJAYA PRANATA', NULL, '2026-04-12 17:45:10', '2026-04-12 17:45:10'),
(40, 1, 'SATYA MARDIYAH KARYANIE', NULL, '2026-04-12 17:45:10', '2026-04-12 17:45:10'),
(41, 1, 'SILVYA RAHMA ASSAFA', NULL, '2026-04-12 17:45:10', '2026-04-12 17:45:10'),
(42, 1, 'ZIBRAN ALWI YULISTIAWAN', NULL, '2026-04-12 17:45:10', '2026-04-12 17:45:10'),
(43, 2, 'ADILATUNNISA', NULL, '2026-04-12 17:45:10', '2026-04-12 17:45:10'),
(44, 2, 'ADRIAN MAULANA YUSUF', NULL, '2026-04-12 17:45:10', '2026-04-12 17:45:10'),
(45, 2, 'AHMAD RIZKY', NULL, '2026-04-12 17:45:10', '2026-04-12 17:45:10'),
(46, 2, 'ALEXA ALKAHFI HANAN', NULL, '2026-04-12 17:45:10', '2026-04-12 17:45:10'),
(47, 2, 'ASRIL MAULANA', NULL, '2026-04-12 17:45:10', '2026-04-12 17:45:10'),
(48, 2, 'AURA AQUEENI ILMIRA', NULL, '2026-04-12 17:45:10', '2026-04-12 17:45:10'),
(49, 2, 'AUZA ALFARIZI RAMADHAN', NULL, '2026-04-12 17:45:10', '2026-04-12 17:45:10'),
(50, 2, 'AZKA MORTAZA', NULL, '2026-04-12 17:45:10', '2026-04-12 17:45:10'),
(51, 2, 'DHARMA KSATRIA GUNAWAN', NULL, '2026-04-12 17:45:10', '2026-04-12 17:45:10'),
(52, 2, 'DIVA AYU FATMAWATI', NULL, '2026-04-12 17:45:10', '2026-04-12 17:45:10'),
(53, 2, 'DIVINKA AZANI RACHDIAN', NULL, '2026-04-12 17:45:10', '2026-04-12 17:45:10'),
(54, 2, 'HEXSA ARIZKY SULAIMAN', NULL, '2026-04-12 17:45:10', '2026-04-12 17:45:10'),
(55, 2, 'IMAN ANDHIKA', NULL, '2026-04-12 17:45:10', '2026-04-12 17:45:10'),
(56, 2, 'JAYSHIFA BANYUWANA', NULL, '2026-04-12 17:45:10', '2026-04-12 17:45:10'),
(57, 2, 'JESSELIN RONIAR', NULL, '2026-04-12 17:45:10', '2026-04-12 17:45:10'),
(58, 2, 'MAHARDIKA ROFIQ', NULL, '2026-04-12 17:45:10', '2026-04-12 17:45:10'),
(59, 2, 'MALIKA THABINA HIDAYAT', NULL, '2026-04-12 17:45:10', '2026-04-12 17:45:10'),
(60, 2, 'MELANI PUTRI', NULL, '2026-04-12 17:45:10', '2026-04-12 17:45:10'),
(61, 2, 'MUHAMAD ABDUL ROHMAN', NULL, '2026-04-12 17:45:10', '2026-04-12 17:45:10'),
(62, 2, 'MUHAMMAD ALFATHDRY RAUSYAN', NULL, '2026-04-12 17:45:10', '2026-04-12 17:45:10'),
(63, 2, 'MUHAMMAD AZMI ASHSHIDIQ RAMADHAN', NULL, '2026-04-12 17:45:10', '2026-04-12 17:45:10'),
(64, 2, 'MUHAMMAD FARDHAN ILMANSYAH', NULL, '2026-04-12 17:45:10', '2026-04-12 17:45:10'),
(65, 2, 'MUHAMMAD FAUZI IBNU KOSIM', NULL, '2026-04-12 17:45:10', '2026-04-12 17:45:10'),
(66, 2, 'NABILA INDRIYANTI', NULL, '2026-04-12 17:45:10', '2026-04-12 17:45:10'),
(67, 2, 'PUTRI SALSABILA', NULL, '2026-04-12 17:45:10', '2026-04-12 17:45:10'),
(68, 2, 'QUEENA PARAMITHA SUPRIYADI', NULL, '2026-04-12 17:45:10', '2026-04-12 17:45:10'),
(69, 2, 'RAGIL PRAMANA', NULL, '2026-04-12 17:45:10', '2026-04-12 17:45:10'),
(70, 2, 'RAGIL RIFQI FADHIL ANWAR', NULL, '2026-04-12 17:45:10', '2026-04-12 17:45:10'),
(71, 2, 'RAIHAN DAFFA', NULL, '2026-04-12 17:45:10', '2026-04-12 17:45:10'),
(72, 2, 'RAKHA PRADIPTA', NULL, '2026-04-12 17:45:10', '2026-04-12 17:45:10'),
(73, 2, 'SITI ASIAH', NULL, '2026-04-12 17:45:10', '2026-04-12 17:45:10'),
(74, 2, 'SITI NAYLA MUHIBAH', NULL, '2026-04-12 17:45:10', '2026-04-12 17:45:10'),
(75, 2, 'VIO ADYTIA SYAHPUTRA', NULL, '2026-04-12 17:45:10', '2026-04-12 17:45:10'),
(76, 2, 'VIRA RAHMAYANTI LUNIANSYAH', NULL, '2026-04-12 17:45:10', '2026-04-12 17:45:10'),
(77, 2, 'YORIS SATRIA ANANDA', NULL, '2026-04-12 17:45:10', '2026-04-12 17:45:10'),
(78, 2, 'ZAAFIRAH ARAFI HARIYANTO', NULL, '2026-04-12 17:45:10', '2026-04-12 17:45:10'),
(79, 3, 'ALFIATUL AFIAH', NULL, '2026-04-12 17:45:10', '2026-04-12 17:45:10'),
(80, 3, 'ALIF FIKRI ARYANDHI', NULL, '2026-04-12 17:45:10', '2026-04-12 17:45:10'),
(81, 3, 'ALLIWA SATYA SYAHADAH', NULL, '2026-04-12 17:45:10', '2026-04-12 17:45:10'),
(82, 3, 'ALMIRA TUNGGA DEWI SUPRIATNA', NULL, '2026-04-12 17:45:10', '2026-04-12 17:45:10'),
(83, 3, 'BRYLIANT CALISTA AWALUNA', NULL, '2026-04-12 17:45:10', '2026-04-12 17:45:10'),
(84, 3, 'CHALIFA CHAIRUNNISA', NULL, '2026-04-12 17:45:10', '2026-04-12 17:45:10'),
(85, 3, 'DINI MARDIYANI', NULL, '2026-04-12 17:45:10', '2026-04-12 17:45:10'),
(86, 3, 'EGA RAMANDA FUTRI', NULL, '2026-04-12 17:45:10', '2026-04-12 17:45:10'),
(87, 3, 'FADILLAH NURWAHID MURSID', NULL, '2026-04-12 17:45:10', '2026-04-12 17:45:10'),
(88, 3, 'FAKHRI SIDQI NURIADI', NULL, '2026-04-12 17:45:10', '2026-04-12 17:45:10'),
(89, 3, 'FATHI AUFAN WIJAYA', NULL, '2026-04-12 17:45:10', '2026-04-12 17:45:10'),
(90, 3, 'FATIR SYAIFUL BAHRI', NULL, '2026-04-12 17:45:10', '2026-04-12 17:45:10'),
(91, 3, 'JIBRIL FATHANNEO PUTRA PRASETYO', NULL, '2026-04-12 17:45:10', '2026-04-12 17:45:10'),
(92, 3, 'KAFKHA YASIN ALBIAN', NULL, '2026-04-12 17:45:10', '2026-04-12 17:45:10'),
(93, 3, 'KEILA LUTFIANA ARTAMEVIA', NULL, '2026-04-12 17:45:10', '2026-04-12 17:45:10'),
(94, 3, 'KHALID ABYYU TASMAN', NULL, '2026-04-12 17:45:10', '2026-04-12 17:45:10'),
(95, 3, 'MUHAMAD ADITYA RIZKI', NULL, '2026-04-12 17:45:10', '2026-04-12 17:45:10'),
(96, 3, 'MUHAMAD ADLI FAJRIYANSYAH', NULL, '2026-04-12 17:45:10', '2026-04-12 17:45:10'),
(97, 3, 'MUHAMAD FAQI FAIRUZ', NULL, '2026-04-12 17:45:10', '2026-04-12 17:45:10'),
(98, 3, 'MUHAMAD HAFIDH KHOERULLAH', NULL, '2026-04-12 17:45:10', '2026-04-12 17:45:10'),
(99, 3, 'MUHAMMAD NEZAR SAYYID MUSLIM', NULL, '2026-04-12 17:45:10', '2026-04-12 17:45:10'),
(100, 3, 'MUHAMMAD RAFIE NURRAHMAN', NULL, '2026-04-12 17:45:10', '2026-04-12 17:45:10'),
(101, 3, 'MUHAMMAD RIFKI RAFAEL', NULL, '2026-04-12 17:45:10', '2026-04-12 17:45:10'),
(102, 3, 'MUHAMMAD RIHADATUL AISY', NULL, '2026-04-12 17:45:10', '2026-04-12 17:45:10'),
(103, 3, 'NUR SISKARIMAH', NULL, '2026-04-12 17:45:10', '2026-04-12 17:45:10'),
(104, 3, 'PRISSA MUTIARA NOVA SUGIRI', NULL, '2026-04-12 17:45:10', '2026-04-12 17:45:10'),
(105, 3, 'RAAFI MUHAMAD FAJAR', NULL, '2026-04-12 17:45:10', '2026-04-12 17:45:10'),
(106, 3, 'RAGAH DIROTAMA WIJAYA', NULL, '2026-04-12 17:45:10', '2026-04-12 17:45:10'),
(107, 3, 'REZA FAHLEZY', NULL, '2026-04-12 17:45:10', '2026-04-12 17:45:10'),
(108, 3, 'RIDHO IMAM KHODORI', NULL, '2026-04-12 17:45:10', '2026-04-12 17:45:10'),
(109, 3, 'SAFITRI AMALIA', NULL, '2026-04-12 17:45:10', '2026-04-12 17:45:10'),
(110, 3, 'SASKIA BILQIS', NULL, '2026-04-12 17:45:10', '2026-04-12 17:45:10'),
(111, 3, 'SITI PARAMITA JUNAEDI', NULL, '2026-04-12 17:45:10', '2026-04-12 17:45:10'),
(112, 3, 'SITI RAHMAH', NULL, '2026-04-12 17:45:10', '2026-04-12 17:45:10'),
(113, 3, 'SYAKIRA ZALFA AZIZAH', NULL, '2026-04-12 17:45:10', '2026-04-12 17:45:10'),
(114, 3, 'TINI ROHANA AGUSTINA', NULL, '2026-04-12 17:45:10', '2026-04-12 17:45:10');

-- --------------------------------------------------------

--
-- Table structure for table `users`
--

CREATE TABLE `users` (
  `id` bigint UNSIGNED NOT NULL,
  `name` varchar(255) COLLATE utf8mb4_unicode_ci NOT NULL,
  `email` varchar(255) COLLATE utf8mb4_unicode_ci NOT NULL,
  `email_verified_at` timestamp NULL DEFAULT NULL,
  `password` varchar(255) COLLATE utf8mb4_unicode_ci NOT NULL,
  `remember_token` varchar(100) COLLATE utf8mb4_unicode_ci DEFAULT NULL,
  `created_at` timestamp NULL DEFAULT NULL,
  `updated_at` timestamp NULL DEFAULT NULL
) ENGINE=InnoDB DEFAULT CHARSET=utf8mb4 COLLATE=utf8mb4_unicode_ci;

--
-- Indexes for dumped tables
--

--
-- Indexes for table `admins`
--
ALTER TABLE `admins`
  ADD PRIMARY KEY (`id`),
  ADD UNIQUE KEY `admins_username_unique` (`username`);

--
-- Indexes for table `assessment_answers`
--
ALTER TABLE `assessment_answers`
  ADD PRIMARY KEY (`id`),
  ADD KEY `assessment_answers_submission_id_foreign` (`submission_id`),
  ADD KEY `assessment_answers_question_id_foreign` (`question_id`),
  ADD KEY `assessment_answers_question_option_id_foreign` (`question_option_id`);

--
-- Indexes for table `assessment_batches`
--
ALTER TABLE `assessment_batches`
  ADD PRIMARY KEY (`id`),
  ADD UNIQUE KEY `assessment_batches_batch_name_unique` (`batch_name`);

--
-- Indexes for table `assessment_questions`
--
ALTER TABLE `assessment_questions`
  ADD PRIMARY KEY (`id`),
  ADD KEY `assessment_questions_category_id_foreign` (`category_id`),
  ADD KEY `assessment_questions_batch_id_foreign` (`batch_id`);

--
-- Indexes for table `assessment_question_options`
--
ALTER TABLE `assessment_question_options`
  ADD PRIMARY KEY (`id`),
  ADD KEY `assessment_question_options_question_id_option_order_index` (`question_id`,`option_order`);

--
-- Indexes for table `assessment_recommendations`
--
ALTER TABLE `assessment_recommendations`
  ADD PRIMARY KEY (`id`),
  ADD KEY `assessment_recommendations_submission_id_foreign` (`submission_id`),
  ADD KEY `assessment_recommendations_industry_id_foreign` (`industry_id`);

--
-- Indexes for table `assessment_submissions`
--
ALTER TABLE `assessment_submissions`
  ADD PRIMARY KEY (`id`),
  ADD UNIQUE KEY `assessment_submissions_student_id_batch_id_unique` (`student_id`,`batch_id`),
  ADD KEY `assessment_submissions_batch_id_foreign` (`batch_id`);

--
-- Indexes for table `batch_two_ct_questions`
--
ALTER TABLE `batch_two_ct_questions`
  ADD PRIMARY KEY (`id`),
  ADD KEY `batch_two_ct_questions_jenis_ct_level_kesulitan_index` (`jenis_ct`,`level_kesulitan`);

--
-- Indexes for table `batch_two_ct_question_options`
--
ALTER TABLE `batch_two_ct_question_options`
  ADD PRIMARY KEY (`id`),
  ADD UNIQUE KEY `batch_two_ct_question_options_soal_id_label_opsi_unique` (`soal_id`,`label_opsi`),
  ADD KEY `batch_two_ct_question_options_soal_id_is_active_index` (`soal_id`,`is_active`);

--
-- Indexes for table `batch_two_ct_student_results`
--
ALTER TABLE `batch_two_ct_student_results`
  ADD PRIMARY KEY (`id`),
  ADD UNIQUE KEY `batch_two_ct_student_results_siswa_id_attempt_no_unique` (`siswa_id`,`attempt_no`),
  ADD KEY `batch_two_ct_student_results_siswa_id_submitted_at_index` (`siswa_id`,`submitted_at`);

--
-- Indexes for table `cache`
--
ALTER TABLE `cache`
  ADD PRIMARY KEY (`key`),
  ADD KEY `cache_expiration_index` (`expiration`);

--
-- Indexes for table `cache_locks`
--
ALTER TABLE `cache_locks`
  ADD PRIMARY KEY (`key`),
  ADD KEY `cache_locks_expiration_index` (`expiration`);

--
-- Indexes for table `classes`
--
ALTER TABLE `classes`
  ADD PRIMARY KEY (`id`);

--
-- Indexes for table `competency_categories`
--
ALTER TABLE `competency_categories`
  ADD PRIMARY KEY (`id`);

--
-- Indexes for table `failed_jobs`
--
ALTER TABLE `failed_jobs`
  ADD PRIMARY KEY (`id`),
  ADD UNIQUE KEY `failed_jobs_uuid_unique` (`uuid`);

--
-- Indexes for table `industries`
--
ALTER TABLE `industries`
  ADD PRIMARY KEY (`id`);

--
-- Indexes for table `jobs`
--
ALTER TABLE `jobs`
  ADD PRIMARY KEY (`id`),
  ADD KEY `jobs_queue_index` (`queue`);

--
-- Indexes for table `job_batches`
--
ALTER TABLE `job_batches`
  ADD PRIMARY KEY (`id`);

--
-- Indexes for table `migrations`
--
ALTER TABLE `migrations`
  ADD PRIMARY KEY (`id`);

--
-- Indexes for table `password_reset_tokens`
--
ALTER TABLE `password_reset_tokens`
  ADD PRIMARY KEY (`email`);

--
-- Indexes for table `sessions`
--
ALTER TABLE `sessions`
  ADD PRIMARY KEY (`id`),
  ADD KEY `sessions_user_id_index` (`user_id`),
  ADD KEY `sessions_last_activity_index` (`last_activity`);

--
-- Indexes for table `students`
--
ALTER TABLE `students`
  ADD PRIMARY KEY (`id`),
  ADD KEY `students_class_id_foreign` (`class_id`);

--
-- Indexes for table `users`
--
ALTER TABLE `users`
  ADD PRIMARY KEY (`id`),
  ADD UNIQUE KEY `users_email_unique` (`email`);

--
-- AUTO_INCREMENT for dumped tables
--

--
-- AUTO_INCREMENT for table `admins`
--
ALTER TABLE `admins`
  MODIFY `id` bigint UNSIGNED NOT NULL AUTO_INCREMENT, AUTO_INCREMENT=2;

--
-- AUTO_INCREMENT for table `assessment_answers`
--
ALTER TABLE `assessment_answers`
  MODIFY `id` bigint UNSIGNED NOT NULL AUTO_INCREMENT, AUTO_INCREMENT=3271;

--
-- AUTO_INCREMENT for table `assessment_batches`
--
ALTER TABLE `assessment_batches`
  MODIFY `id` bigint UNSIGNED NOT NULL AUTO_INCREMENT, AUTO_INCREMENT=3;

--
-- AUTO_INCREMENT for table `assessment_questions`
--
ALTER TABLE `assessment_questions`
  MODIFY `id` bigint UNSIGNED NOT NULL AUTO_INCREMENT, AUTO_INCREMENT=31;

--
-- AUTO_INCREMENT for table `assessment_question_options`
--
ALTER TABLE `assessment_question_options`
  MODIFY `id` bigint UNSIGNED NOT NULL AUTO_INCREMENT, AUTO_INCREMENT=61;

--
-- AUTO_INCREMENT for table `assessment_recommendations`
--
ALTER TABLE `assessment_recommendations`
  MODIFY `id` bigint UNSIGNED NOT NULL AUTO_INCREMENT, AUTO_INCREMENT=110;

--
-- AUTO_INCREMENT for table `assessment_submissions`
--
ALTER TABLE `assessment_submissions`
  MODIFY `id` bigint UNSIGNED NOT NULL AUTO_INCREMENT, AUTO_INCREMENT=110;

--
-- AUTO_INCREMENT for table `batch_two_ct_questions`
--
ALTER TABLE `batch_two_ct_questions`
  MODIFY `id` bigint UNSIGNED NOT NULL AUTO_INCREMENT;

--
-- AUTO_INCREMENT for table `batch_two_ct_question_options`
--
ALTER TABLE `batch_two_ct_question_options`
  MODIFY `id` bigint UNSIGNED NOT NULL AUTO_INCREMENT;

--
-- AUTO_INCREMENT for table `batch_two_ct_student_results`
--
ALTER TABLE `batch_two_ct_student_results`
  MODIFY `id` bigint UNSIGNED NOT NULL AUTO_INCREMENT;

--
-- AUTO_INCREMENT for table `classes`
--
ALTER TABLE `classes`
  MODIFY `id` bigint UNSIGNED NOT NULL AUTO_INCREMENT, AUTO_INCREMENT=8;

--
-- AUTO_INCREMENT for table `competency_categories`
--
ALTER TABLE `competency_categories`
  MODIFY `id` bigint UNSIGNED NOT NULL AUTO_INCREMENT, AUTO_INCREMENT=4;

--
-- AUTO_INCREMENT for table `failed_jobs`
--
ALTER TABLE `failed_jobs`
  MODIFY `id` bigint UNSIGNED NOT NULL AUTO_INCREMENT;

--
-- AUTO_INCREMENT for table `industries`
--
ALTER TABLE `industries`
  MODIFY `id` bigint UNSIGNED NOT NULL AUTO_INCREMENT, AUTO_INCREMENT=4;

--
-- AUTO_INCREMENT for table `jobs`
--
ALTER TABLE `jobs`
  MODIFY `id` bigint UNSIGNED NOT NULL AUTO_INCREMENT;

--
-- AUTO_INCREMENT for table `migrations`
--
ALTER TABLE `migrations`
  MODIFY `id` int UNSIGNED NOT NULL AUTO_INCREMENT, AUTO_INCREMENT=20;

--
-- AUTO_INCREMENT for table `students`
--
ALTER TABLE `students`
  MODIFY `id` bigint UNSIGNED NOT NULL AUTO_INCREMENT, AUTO_INCREMENT=115;

--
-- AUTO_INCREMENT for table `users`
--
ALTER TABLE `users`
  MODIFY `id` bigint UNSIGNED NOT NULL AUTO_INCREMENT;

--
-- Constraints for dumped tables
--

--
-- Constraints for table `assessment_answers`
--
ALTER TABLE `assessment_answers`
  ADD CONSTRAINT `assessment_answers_question_id_foreign` FOREIGN KEY (`question_id`) REFERENCES `assessment_questions` (`id`) ON DELETE CASCADE,
  ADD CONSTRAINT `assessment_answers_question_option_id_foreign` FOREIGN KEY (`question_option_id`) REFERENCES `assessment_question_options` (`id`) ON DELETE SET NULL,
  ADD CONSTRAINT `assessment_answers_submission_id_foreign` FOREIGN KEY (`submission_id`) REFERENCES `assessment_submissions` (`id`) ON DELETE CASCADE;

--
-- Constraints for table `assessment_questions`
--
ALTER TABLE `assessment_questions`
  ADD CONSTRAINT `assessment_questions_batch_id_foreign` FOREIGN KEY (`batch_id`) REFERENCES `assessment_batches` (`id`) ON DELETE CASCADE,
  ADD CONSTRAINT `assessment_questions_category_id_foreign` FOREIGN KEY (`category_id`) REFERENCES `competency_categories` (`id`) ON DELETE CASCADE;

--
-- Constraints for table `assessment_question_options`
--
ALTER TABLE `assessment_question_options`
  ADD CONSTRAINT `assessment_question_options_question_id_foreign` FOREIGN KEY (`question_id`) REFERENCES `assessment_questions` (`id`) ON DELETE CASCADE;

--
-- Constraints for table `assessment_recommendations`
--
ALTER TABLE `assessment_recommendations`
  ADD CONSTRAINT `assessment_recommendations_industry_id_foreign` FOREIGN KEY (`industry_id`) REFERENCES `industries` (`id`) ON DELETE CASCADE,
  ADD CONSTRAINT `assessment_recommendations_submission_id_foreign` FOREIGN KEY (`submission_id`) REFERENCES `assessment_submissions` (`id`) ON DELETE CASCADE;

--
-- Constraints for table `assessment_submissions`
--
ALTER TABLE `assessment_submissions`
  ADD CONSTRAINT `assessment_submissions_batch_id_foreign` FOREIGN KEY (`batch_id`) REFERENCES `assessment_batches` (`id`) ON DELETE CASCADE,
  ADD CONSTRAINT `assessment_submissions_student_id_foreign` FOREIGN KEY (`student_id`) REFERENCES `students` (`id`) ON DELETE CASCADE;

--
-- Constraints for table `batch_two_ct_question_options`
--
ALTER TABLE `batch_two_ct_question_options`
  ADD CONSTRAINT `batch_two_ct_question_options_soal_id_foreign` FOREIGN KEY (`soal_id`) REFERENCES `batch_two_ct_questions` (`id`) ON DELETE CASCADE;

--
-- Constraints for table `batch_two_ct_student_results`
--
ALTER TABLE `batch_two_ct_student_results`
  ADD CONSTRAINT `batch_two_ct_student_results_siswa_id_foreign` FOREIGN KEY (`siswa_id`) REFERENCES `students` (`id`) ON DELETE CASCADE;

--
-- Constraints for table `students`
--
ALTER TABLE `students`
  ADD CONSTRAINT `students_class_id_foreign` FOREIGN KEY (`class_id`) REFERENCES `classes` (`id`) ON DELETE CASCADE;
COMMIT;

/*!40101 SET CHARACTER_SET_CLIENT=@OLD_CHARACTER_SET_CLIENT */;
/*!40101 SET CHARACTER_SET_RESULTS=@OLD_CHARACTER_SET_RESULTS */;
/*!40101 SET COLLATION_CONNECTION=@OLD_COLLATION_CONNECTION */;
